recommendation_set_id,set_clicked
46914,1
46961,1
47012,1
47181,1
47240,1
47269,1
47271,1
47349,0
47380,0
47494,1
47517,1
47535,1
47706,1
47853,1
47980,1
48114,1
48155,1
48198,1
48299,1
48305,0
48323,0
48361,1
48415,0
48431,1
48472,0
48520,1
48583,1
48628,1
48682,1
48726,1
48747,1
48790,1
48854,1
49027,1
49061,0
49089,1
49098,1
49180,1
49194,0
49205,1
49288,1
49302,0
49327,0
49367,1
49371,0
49422,1
49453,1
49542,1
49544,1
49622,1
49712,1
49740,0
49782,1
49808,1
49870,0
49885,1
49890,1
49905,1
49928,1
49952,1
49957,0
49961,1
49979,0
50032,0
50154,1
50158,0
50232,1
50272,1
50354,1
50380,1
50404,1
50498,1
50536,1
50547,1
50552,1
50554,1
50623,1
50650,1
50667,1
50690,1
50712,1
50766,1
50813,1
50872,1
50874,1
50880,1
50950,1
51137,1
51193,1
51228,1
51259,1
51284,1
51289,1
51342,1
51391,0
51394,0
51436,1
51452,1
51460,1
51464,1
51512,1
51562,1
51647,1
51725,1
51806,0
51974,1
52021,0
52052,1
52085,1
52127,1
52139,1
52171,1
52262,1
52290,0
52443,1
52673,1
52737,0
52754,1
52780,1
52842,1
52929,1
53009,1
53117,1
53192,0
53279,1
53297,1
53319,0
53324,1
53345,0
53352,1
53451,0
53462,1
53470,1
53516,0
53631,1
53660,1
53673,1
53684,1
53722,0
53798,0
53814,1
53866,1
53898,1
53942,1
53947,1
54032,0
54055,0
54151,1
54369,1
54377,1
54402,1
54449,1
54550,0
54600,0
54666,1
54741,1
54751,1
54767,1
54827,1
54835,0
54894,1
54934,1
54968,1
54979,1
54992,1
54997,1
55075,1
55123,1
55135,1
55165,1
55211,1
55254,1
55292,1
55294,1
55337,1
55558,0
55561,1
55590,0
55639,1
55677,1
55837,1
55902,1
56048,1
56076,1
56106,1
56129,1
56136,1
56158,0
56183,1
56199,1
56254,1
56346,1
56351,1
56505,1
56554,1
56673,1
56725,1
56738,1
56756,1
56806,1
56919,1
56943,1
56990,1
57083,1
57097,1
57142,1
57150,1
57254,1
57275,0
57331,1
57551,1
57653,0
57710,1
57764,1
57779,1
57922,1
57963,1
57968,1
58058,0
58098,0
58145,1
58147,1
58156,1
58326,1
58353,0
58442,0
58553,0
58592,1
58664,1
58695,0
58742,1
58758,1
58798,1
58841,0
58923,0
58953,1
58973,1
58983,0
58998,1
59058,1
59105,1
59163,1
59210,1
59220,1
59222,1
59302,1
59348,1
59441,1
59483,0
59562,0
59649,1
59659,1
59662,1
59705,1
59768,1
59799,0
59845,0
59881,1
59903,0
59924,1
59956,1
60055,1
60077,1
60108,0
60241,1
60247,1
60248,0
60312,0
60320,1
60373,1
60562,0
60619,1
60794,1
60950,1
60951,1
60965,0
61116,0
61179,1
61262,0
61264,1
61315,1
61347,1
61410,1
61449,1
61465,1
61498,1
61676,0
61731,1
61741,0
61760,1
61761,1
61781,1
61809,1
61821,1
61839,1
61917,1
61931,1
61932,1
61974,0
62106,0
62131,0
62186,1
62200,0
62346,1
62416,1
62449,1
62531,1
62552,1
62568,1
62569,1
62573,1
62609,1
62614,1
62629,0
62639,1
62985,0
63073,1
63201,1
63225,0
63254,1
63269,1
63303,1
63362,1
63451,1
63634,1
63826,1
63866,1
63881,1
63912,0
64035,1
64077,1
64088,1
64102,1
64184,0
64366,1
64432,1
64570,1
64619,0
64622,1
64647,1
64657,0
64685,0
64693,1
64743,1
64777,0
64836,1
64851,1
64852,1
64890,1
64956,1
65054,1
65097,1
65199,0
65229,1
65284,1
65342,1
65417,1
65433,1
65476,1
65554,1
65560,1
65628,1
65657,1
65700,1
65702,0
65768,1
65818,1
65845,1
65915,1
65921,1
65981,1
66017,1
66109,1
66111,1
66115,1
66142,1
66187,1
66405,0
66413,1
66414,0
66547,1
66595,1
66616,1
66652,1
66653,1
66673,1
66699,1
66722,1
66744,0
66790,1
66792,0
66806,1
66855,0
66857,1
66959,1
66970,0
67012,0
67046,1
67067,1
67098,1
67100,1
67149,1
67150,1
67166,1
67168,1
67211,0
67214,1
67216,0
67254,1
67401,0
67445,1
67579,0
67601,1
67647,0
67789,1
67910,1
67942,1
67995,1
68015,0
68060,0
68131,1
68231,1
68302,0
68357,1
68361,1
68385,0
68403,1
68431,0
68466,1
68471,0
68496,1
68512,1
68514,1
68588,1
68599,1
68604,0
68721,1
68807,1
68819,1
68837,1
68875,1
68928,0
68967,1
69071,1
69084,1
69183,1
69188,1
69297,0
69406,1
69434,1
69470,0
69505,1
69538,0
69741,1
69777,0
69786,1
69917,1
69969,1
69974,1
69998,0
70012,1
70034,1
70066,0
70147,1
70349,1
70366,0
70379,1
70492,1
70494,1
70538,1
70588,1
70821,0
70897,0
70930,1
71038,1
71106,0
71277,1
71284,1
71349,1
71378,1
71379,1
71401,1
71402,1
71424,1
71518,1
71716,1
71726,1
71945,1
71964,0
71985,1
72027,0
72076,0
72090,1
72095,1
72179,1
72236,1
72276,1
72405,1
72409,0
72449,0
72493,0
72500,0
72539,1
72548,1
72583,1
72646,1
72665,1
72686,1
72703,1
72732,1
72799,0
72882,1
72945,1
73009,1
73018,0
73021,1
73039,1
73059,1
73086,1
73112,0
73151,0
73216,1
73260,1
73301,1
73354,0
73404,1
73408,1
73439,1
73440,1
73483,1
73614,1
73615,1
73616,1
73624,1
73726,1
73758,0
73881,1
73975,1
74016,0
74155,0
74166,1
74226,0
74279,1
74280,0
74317,1
74349,1
74358,0
74418,1
74582,0
74683,1
74746,1
74933,1
74950,1
75012,1
75045,1
75170,1
75177,1
75187,0
75194,1
75208,0
75216,1
75229,1
75295,0
75413,1
75426,1
75502,1
75592,1
75635,1
75658,0
75698,0
75704,0
75717,1
75719,1
75747,1
75823,0
75831,0
75838,1
75903,0
75910,1
75937,1
75988,1
76038,1
76053,1
76060,1
76062,1
76113,1
76136,1
76211,1
76235,1
76246,1
76277,1
76322,1
76324,1
76395,1
76401,1
76454,0
76487,1
76500,1
76507,1
76652,1
76668,1
76672,0
76687,1
76889,0
76908,0
76935,1
76945,1
76978,1
77008,1
77073,1
77095,1
77100,0
77142,1
77197,0
77202,0
77238,1
77311,0
77345,1
77433,1
77556,1
77571,1
77674,1
77735,1
77766,1
77847,1
77889,1
77922,1
77976,1
78044,1
78186,0
78192,1
78197,1
78209,1
78339,1
78349,1
78359,0
78515,0
78518,1
78587,1
78612,1
78613,1
78618,1
78723,0
78737,1
78752,1
78783,1
78871,0
78873,1
78982,1
79069,1
79072,1
79087,1
79130,1
79154,1
79182,1
79196,1
79199,1
79229,1
79241,1
79315,1
79434,1
79450,1
79477,0
79514,1
79552,1
79553,0
79649,1
79836,1
79856,1
79945,1
79992,1
80018,1
80190,1
80327,1
80407,1
80455,1
80460,1
80498,1
80528,0
80573,1
80685,1
80702,1
80704,1
80760,1
80853,0
80904,0
80913,1
80928,1
80982,1
80992,0
81426,1
81455,1
81509,1
81530,1
81557,1
81571,1
81574,1
81683,0
81760,1
81786,1
81995,1
82022,1
82105,0
82274,1
82295,1
82310,1
82366,1
82411,1
82474,0
82525,1
82863,1
82914,0
82968,1
82980,1
83081,1
83093,1
83118,1
83120,1
83137,1
83141,1
83355,1
83357,0
83402,1
83482,1
83630,1
83643,0
83718,1
83721,0
83772,0
83826,1
83841,0
83874,1
83949,1
83960,0
84027,0
84104,1
84106,1
84143,1
84237,1
84255,1
84324,1
84331,0
84375,1
84431,1
84519,0
84523,1
84552,1
84555,1
84694,1
84771,1
84824,1
84970,1
84999,1
85003,0
85040,1
85120,1
85162,1
85218,1
85262,1
85306,1
85311,1
85339,1
85419,0
85462,0
85471,1
85474,1
85515,1
85547,1
85560,0
85568,1
85580,1
85652,1
85703,1
85816,1
85942,1
86036,1
86055,1
86080,1
86082,0
86088,1
86089,1
86113,0
86229,1
86254,1
86274,1
86355,1
86455,0
86474,0
86498,1
86507,0
86601,1
86656,0
86662,1
86716,1
86750,1
86756,0
86873,1
86908,1
87259,0
87268,1
87287,1
87292,0
87399,1
87418,0
87494,1
87497,0
87532,1
87616,1
87644,1
87832,1
87834,1
87845,1
87921,1
87949,0
88025,1
88225,1
88286,1
88292,1
88304,1
88371,1
88382,1
88442,1
88526,1
88606,1
88628,1
88787,1
88825,1
88917,1
88944,1
88950,1
88964,1
88999,1
89045,0
89137,1
89233,0
89413,1
89431,1
89501,1
89556,1
89579,1
89601,1
89632,1
89747,0
89754,1
89780,1
89903,1
89913,1
90246,1
90251,1
90283,0
90293,1
90319,0
90362,1
90364,0
90365,0
90416,1
90477,1
90552,1
90564,0
90608,1
90623,0
90676,1
90739,1
90856,1
91050,1
91081,1
91096,0
91138,1
91232,1
91234,1
91422,1
91577,1
91604,1
91744,1
91757,1
91763,1
91781,1
91790,0
91854,1
91882,0
91894,1
91908,1
91946,1
91974,1
91983,1
92002,1
92105,1
92128,1
92176,1
92255,1
92258,1
92363,0
92494,1
92508,0
92595,1
92647,1
92739,1
92756,1
92765,0
92853,1
92889,1
93011,1
93067,0
93188,1
93258,0
93275,1
93276,1
93305,1
93459,1
93591,1
93662,1
93676,0
93702,1
93733,1
93849,1
93874,0
93914,1
94017,1
94031,1
94056,1
94093,0
94096,1
94126,0
94239,1
94273,1
94372,1
94437,0
94486,1
94624,1
94738,1
94788,1
94816,1
94953,1
94958,1
94984,1
94986,1
95013,1
95036,0
95063,1
95100,1
95120,1
95186,1
95349,1
95353,1
95397,1
95417,1
95709,1
95762,1
95957,0
95979,1
95980,1
95998,1
95999,1
96034,1
96036,1
96046,1
96090,1
96111,1
96123,1
96173,1
96266,1
96364,1
96370,1
96421,1
96464,0
96473,1
96500,0
96519,1
96527,1
96530,1
96543,0
96597,0
96625,1
96665,1
96688,0
96692,1
96766,1
96770,1
96961,1
96990,1
97025,1
97048,0
97115,1
97141,1
97166,1
97189,1
97212,1
97332,0
97395,0
97427,1
97431,1
97435,1
97447,0
97647,1
97671,1
97704,1
97718,0
97887,1
97910,1
97929,1
98002,1
98029,1
98031,1
98057,1
98063,1
98071,1
98120,1
98158,1
98241,1
98245,1
98251,1
98327,0
98377,1
98443,1
98578,1
98583,1
98717,1
98745,1
98836,1
98863,0
98934,1
99055,1
99070,1
99179,1
99199,1
99386,1
99425,1
99481,0
99565,1
99688,0
99727,1
99799,0
99820,1
99862,1
99913,1
99924,1
99948,1
99967,1
100101,1
100126,1
100131,1
100283,1
100330,0
100376,0
100386,1
100398,1
100475,1
100480,0
100835,0
101002,1
101036,1
101127,1
101259,1
101368,1
101406,1
101420,0
101542,1
101568,1
101601,1
101624,1
101665,1
101708,1
101757,1
101777,1
101835,1
101836,0
101884,1
101900,0
101920,1
101974,0
102013,1
102029,1
102071,1
102096,1
102097,1
102109,1
102128,1
102191,1
102192,1
102232,1
102265,1
102359,1
102404,0
102479,1
102529,0
102611,1
102638,1
102767,1
102889,1
102934,1
102945,0
103078,1
103085,1
103091,1
103093,0
103201,1
103323,1
103346,1
103401,1
103527,1
103564,1
103577,1
103650,1
103661,1
103717,1
103720,1
103788,0
103856,0
103860,0
103863,0
103912,1
103974,1
104006,1
104121,1
104209,0
104346,1
104489,1
104493,0
104546,1
104687,0
104710,1
104741,0
104761,1
104901,1
104926,1
104997,0
105092,1
105121,1
105133,1
105137,1
105158,0
105533,1
105690,0
105747,1
105751,1
105777,1
105789,1
105851,1
105869,1
105898,0
106015,1
106043,1
106047,1
106073,0
106086,1
106115,1
106119,1
106241,1
106278,0
106287,1
106409,1
106450,1
106677,0
106693,1
106710,0
106739,1
106812,1
106891,1
107044,1
107121,1
107173,1
107214,1
107225,1
107247,1
107341,1
107353,1
107358,0
107422,0
107528,1
107563,1
107653,1
107704,1
107814,1
107834,1
107894,0
107912,1
107958,1
108002,1
108083,1
108154,1
108238,0
108262,1
108300,1
108502,1
108576,0
108579,1
108647,1
108653,1
108727,1
108761,1
108785,1
108925,1
109005,0
109042,1
109113,1
109221,1
109248,1
109276,1
109343,1
109466,1
109579,1
109626,1
109652,1
109659,1
109698,0
109706,1
109749,0
109798,1
109868,0
109918,1
109952,1
109959,0
109985,1
110014,1
110092,1
110154,1
110323,1
110373,0
110516,1
110531,1
110627,1
110701,1
110731,1
110770,1
110772,1
110775,1
110830,1
110862,1
110884,1
111011,1
111012,1
111067,1
111106,1
111114,0
111260,0
111503,1
111560,1
111591,1
111851,1
111954,0
111957,1
111978,1
112014,1
112034,1
112221,1
112296,1
112335,1
112368,1
112383,1
112391,1
112432,1
112438,1
112455,0
112473,1
112474,0
112501,1
112528,1
112529,0
112556,1
112626,1
112674,1
112701,1
112710,0
112748,1
112772,1
112789,1
112804,1
112835,1
112853,0
112876,1
112894,1
113005,1
113029,1
113101,1
113123,1
113231,1
113288,0
113341,0
113532,1
113569,1
113637,1
113656,1
113916,1
113961,1
114010,0
114071,1
114185,1
114196,0
114206,1
114269,1
114278,1
114293,1
114309,1
114313,1
114357,0
114428,1
114471,1
114487,0
114518,1
114547,0
114568,1
114584,0
114612,1
114642,1
114671,1
114687,0
114698,1
114722,1
114775,1
114869,1
114881,1
115070,1
115121,1
115130,1
115134,1
115135,0
115197,1
115356,1
115414,1
115438,0
115465,0
115630,1
115703,1
115872,0
115906,1
115976,0
116015,1
116177,0
116256,0
116262,1
116311,1
116324,1
116370,1
116372,0
116478,0
116487,0
116500,0
116603,1
116638,1
116708,0
116749,1
116765,1
116945,1
117212,1
117317,1
117323,1
117337,1
117393,0
117434,1
117506,1
117612,0
117640,1
117738,0
117916,1
117954,1
117987,1
118049,1
118054,1
118061,1
118111,0
118182,1
118184,0
118246,1
118251,1
118288,1
118315,0
118341,1
118402,1
118653,0
118812,1
118883,0
118924,0
119000,1
119069,1
119163,1
119179,1
119241,1
119242,1
119251,1
119414,1
119447,1
119505,1
119507,1
119552,1
119607,1
119609,1
119653,1
119674,1
119718,1
119788,1
119820,1
119840,1
119954,1
119994,1
120162,1
120236,1
120258,1
120361,1
120522,1
120552,1
120624,1
120648,1
120656,1
120678,0
120705,1
120728,1
120801,0
120873,1
120974,1
121086,1
121225,0
121232,1
121267,1
121381,1
121401,0
121473,1
121538,1
121582,1
121587,1
121631,1
121728,1
121747,1
121792,1
121833,1
121973,0
122070,1
122100,1
122104,0
122117,0
122142,1
122243,1
122267,1
122421,1
122437,1
122466,1
122538,1
122558,0
122658,0
122790,1
122847,1
122911,0
122970,1
123022,1
123053,0
123069,1
123115,1
123132,1
123197,1
123260,1
123311,1
123367,0
123380,1
123392,1
123396,1
123422,1
123435,1
123526,1
123559,1
123622,1
123794,0
123922,1
123936,1
124015,1
124127,0
124132,0
124182,1
124198,1
124213,1
124251,0
124429,1
124445,0
124453,1
124523,1
124557,1
124592,1
124901,1
124973,1
125061,1
125091,1
125146,1
125217,1
125311,0
125320,0
125357,1
125365,1
125396,1
125427,1
125577,0
125617,1
125693,1
125697,1
125725,0
125752,0
125753,1
125759,1
125761,1
125801,1
125820,1
125855,1
125856,1
125858,1
125909,1
125911,1
125943,0
125972,0
125991,1
126068,1
126082,1
126116,0
126176,1
126185,1
126200,0
126242,1
126257,1
126270,0
126295,1
126484,0
126511,1
126540,1
126558,1
126560,1
126611,1
126714,1
126777,1
126816,1
126866,1
126961,1
126996,1
127059,1
127109,1
127125,1
127136,1
127163,1
127214,0
127344,1
127370,1
127461,1
127478,1
127516,1
127561,1
127587,1
127658,1
127788,0
127818,0
127839,0
127885,1
127935,1
127985,1
128019,1
128151,0
128216,1
128252,0
128285,1
128424,0
128479,1
128521,1
128532,1
128837,1
128845,1
128949,1
128958,0
128962,1
128976,1
128993,0
128997,1
129012,1
129054,1
129176,1
129179,1
129188,0
129243,0
129265,1
129280,1
129285,1
129295,1
129333,1
129693,1
129719,0
129796,1
129834,1
129838,1
130174,1
130274,0
130309,1
130315,1
130333,0
130347,1
130389,1
130476,1
130508,1
130565,1
130577,1
130641,1
130691,1
130769,1
130929,0
131063,1
131127,1
131134,1
131141,1
131293,1
131313,0
131352,1
131437,1
131471,1
131507,0
131596,0
131607,0
131616,1
131629,1
131640,0
131662,1
131849,1
131922,1
132051,0
132067,1
132102,1
132307,1
132322,0
132396,1
132574,1
132642,1
132657,1
132686,0
132729,1
132788,1
132794,1
132835,1
132858,1
132886,1
133142,1
133153,1
133208,1
133244,1
133257,1
133285,1
133350,0
133375,1
133398,1
133461,1
133520,1
133617,1
133695,1
133738,1
133820,0
133871,1
133901,1
133902,1
133948,0
133982,1
134116,1
134136,1
134137,1
134206,0
134247,0
134281,0
134338,1
134514,1
134529,1
134594,1
134632,1
134834,0
134883,1
134930,1
135054,0
135134,1
135144,1
135150,1
135209,1
135245,1
135304,0
135342,1
135361,1
135488,1
135506,0
135538,1
135540,1
135562,1
135580,1
135662,1
135714,1
135723,1
135745,1
135833,1
135904,0
135963,0
136084,1
136119,1
136127,1
136261,1
136300,1
136316,0
136350,1
136394,1
136431,0
136497,1
136529,0
136634,1
137032,1
137073,1
137105,1
137123,0
137214,1
137281,1
137285,1
137334,1
137360,1
137433,1
137457,1
137487,1
137552,1
137600,1
137634,1
137656,1
137779,0
137857,1
137898,0
138039,1
138125,1
138234,1
138242,1
138287,1
138350,1
138356,1
138391,1
138393,1
138623,1
138673,1
138761,1
138851,1
138862,0
138976,1
138977,1
138984,0
139288,1
139346,1
139420,1
139529,1
139575,0
139775,1
139812,1
139876,1
140176,0
140453,0
140661,1
140713,0
142022,0
142265,1
142474,1
142616,0
142933,1
143905,1
147068,1
147157,0
147195,0
147231,1
147239,1
147427,0
147468,1
147500,1
147573,1
147606,0
147669,1
147691,1
147791,1
147879,1
148058,1
148131,0
148268,1
148303,0
148418,1
148444,1
148491,1
148532,1
148548,1
148570,1
148599,1
148715,1
148756,1
148811,1
149105,1
149113,1
149216,1
149328,1
149344,1
149381,0
149408,0
149427,1
149525,1
149537,1
149578,1
149599,1
149654,1
149669,1
149764,1
149818,0
149852,0
149934,0
149946,0
149949,0
149954,0
149960,0
149981,0
150097,1
150153,1
150222,1
150284,1
150313,1
150432,1
150532,0
150578,1
150680,1
150731,1
150949,1
151092,1
151112,1
151363,1
151491,1
151561,1
151591,0
151671,1
151687,1
151792,1
151866,1
151951,1
151986,1
151992,1
152096,0
152119,1
152182,1
152234,1
152274,1
152338,1
152390,1
152425,1
152775,1
152781,1
152795,1
152814,0
152852,1
152956,0
153907,1
154342,1
154365,1
154556,1
154563,0
154655,1
154862,1
154946,1
155269,1
155273,0
155310,1
155402,1
155406,1
155407,1
155528,1
155669,1
155683,0
155700,1
155751,1
155804,1
155811,0
155852,1
155883,1
155901,1
155920,0
155973,0
156000,1
156025,1
156038,1
156049,1
156129,1
156167,1
156306,0
156364,1
156375,1
156405,1
156422,0
156543,1
156694,1
156747,1
156752,1
156756,1
156778,1
156848,1
156852,0
156886,1
156899,0
156935,1
156977,0
156987,1
157003,0
157020,1
157279,1
157288,1
157800,1
157884,1
157894,1
157942,0
158226,1
158283,1
158454,1
158492,1
158650,1
158773,1
158792,1
158805,1
158818,1
158822,1
158850,0
158867,1
158882,1
158903,0
158907,1
159213,1
159323,1
159324,0
159407,1
159408,1
159445,1
159522,0
159568,0
159569,1
159636,0
159751,1
159761,1
159786,1
159791,0
159891,1
159968,1
159996,1
160004,1
160102,1
160138,1
160176,1
160409,0
160530,1
160555,1
160592,1
160743,0
160746,1
160780,1
160807,1
160999,0
161191,1
161206,1
161262,0
161286,1
161366,1
161468,1
161676,1
161679,1
161759,0
161776,1
161821,1
161828,0
161831,1
161832,1
162000,1
162033,0
162084,1
162085,1
162087,1
162340,0
162365,1
162519,1
162582,1
162726,1
162737,0
162771,1
162856,1
162894,1
162964,1
163158,1
163172,1
163175,1
163185,1
163264,1
163357,0
163456,0
163485,0
163494,0
163633,1
163719,1
163809,0
163815,1
163818,1
164244,1
164277,1
164308,1
164317,1
164378,1
164392,0
164399,0
164416,1
164422,1
164447,1
164466,0
164651,1
164789,1
165016,1
165224,1
165240,1
165336,1
165537,1
165577,1
165600,1
165703,1
165791,1
165796,1
165801,1
165860,1
165869,1
165884,1
165891,1
165953,1
165990,0
166078,0
166178,1
166464,1
166496,1
166515,1
166603,1
166633,1
166667,1
166939,1
166943,1
167099,0
167143,1
167146,1
167391,1
167400,1
167443,1
167481,1
167697,1
167718,1
167771,1
167775,1
167924,1
167940,1
168012,1
168016,1
168112,0
168124,1
168210,1
168214,1
168257,1
168275,1
168344,1
168416,0
168463,1
168732,1
168779,1
168850,1
168942,0
168959,1
168975,1
169086,0
169109,1
169159,1
169230,1
169242,1
169281,0
169305,1
169315,1
169318,1
169352,1
169476,1
169485,1
169561,1
169642,1
169688,1
169730,0
169867,0
169894,1
169933,1
169983,1
170008,0
170026,1
170112,1
170136,1
170166,1
170210,1
170223,1
170258,1
170266,1
170467,1
170472,1
170481,1
170603,0
170659,1
170677,1
170681,1
170733,0
170789,0
170854,1
170885,0
171016,0
171032,0
171042,1
171133,0
171140,1
171157,1
171176,1
171317,1
171328,0
171344,1
171391,0
171526,1
171549,0
171563,1
171641,1
171658,1
171855,1
171973,1
171978,0
172057,1
172130,1
172170,1
172176,1
172236,1
172333,1
172341,1
172458,1
172511,1
172524,0
172545,1
172578,1
172692,0
172695,1
172707,0
172736,0
172793,1
172842,1
172846,1
172881,1
172973,0
173260,1
173376,0
173424,1
173449,0
173472,0
173514,1
173573,1
173644,0
173667,1
173713,1
173723,1
173727,1
173746,0
173752,1
173777,1
173894,1
173979,0
174003,1
174073,1
174133,1
174146,1
174169,1
174180,1
174206,1
174695,1
174823,1
174897,1
174912,1
174914,1
174921,1
174928,1
175011,1
175020,1
175034,1
175153,1
175197,0
175222,0
175296,1
175474,1
175483,0
175500,0
175521,0
175532,1
175567,0
175711,1
175741,1
175757,1
175928,1
175983,1
176029,1
176138,1
176156,0
176245,1
176380,1
176457,1
176527,1
176695,1
176729,0
176762,0
176844,0
176867,0
176981,1
177010,1
177027,1
177052,1
177085,1
177140,1
177311,1
177380,0
177473,0
177553,1
177558,0
177621,0
177656,1
177677,1
177680,0
177686,1
177734,1
177758,0
177803,1
177874,0
177886,1
177940,0
177956,1
178004,0
178007,1
178012,1
178222,1
178250,1
178251,1
178302,0
178320,1
178447,1
178448,1
178483,1
178508,1
178695,1
178700,1
178712,1
178812,1
178817,1
178821,1
178822,0
178905,1
178959,1
179088,0
179189,0
179197,1
179245,1
179322,1
179444,1
179449,1
179559,1
179663,0
179702,1
179726,0
179740,1
179869,1
179880,1
179932,1
179939,1
179946,0
179975,1
179997,1
180016,0
180038,1
180131,1
180175,0
180269,0
180429,1
180440,1
180507,0
180529,0
180573,1
180832,0
180865,1
180896,1
180908,1
181005,1
181056,1
181079,1
181132,1
181136,0
181164,0
181174,1
181212,1
181280,0
181535,0
181612,1
181648,1
181833,0
181837,1
181838,1
182068,1
182116,1
182148,1
182181,0
182186,1
182191,0
182192,1
182272,1
182275,1
182282,1
182328,1
182526,0
182563,0
182620,0
182658,1
182698,1
182732,1
182740,1
182790,1
182794,0
182901,1
182911,1
182971,1
183057,1
183068,1
183108,1
183159,1
183227,1
183234,1
183264,0
183277,1
183297,1
183315,1
183417,1
183471,1
183535,1
183587,1
183730,1
183871,1
183928,1
184005,1
184022,1
184025,1
184242,1
184244,1
184326,1
184464,1
184502,0
184503,1
184523,1
184578,1
184674,1
184768,0
184779,1
184797,1
184844,0
184934,0
184979,1
184992,0
185098,1
185113,1
185208,1
185271,1
185281,1
185343,1
185345,1
185383,0
185403,1
185452,1
185460,1
185537,1
185673,1
185817,1
185835,0
185940,1
186043,1
186106,1
186113,1
186141,1
186233,1
186317,1
186342,1
186424,1
186448,1
186751,0
186805,1
186991,1
187001,1
187035,1
187074,1
187099,1
187104,0
187148,1
187226,1
187327,1
187450,1
187569,1
187621,1
187719,1
187785,1
187849,1
187864,1
187867,0
187945,1
187958,1
187976,0
187992,0
188036,1
188072,1
188078,1
188082,1
188177,1
188183,1
188198,1
188215,1
188317,1
188383,1
188522,1
188587,1
188737,1
188780,0
188817,1
188878,1
188903,0
188906,0
188914,0
188957,1
189031,0
189106,1
189163,0
189233,1
189281,0
189344,0
189359,1
189362,1
189381,1
189383,0
189385,1
189429,1
189433,1
189473,0
189587,1
189606,1
189609,1
189623,0
189630,1
189765,0
189793,0
189825,1
189870,1
189887,1
189908,1
189967,0
190014,1
190015,0
190067,1
190101,0
190190,1
190242,1
190312,0
190328,1
190367,1
190457,1
190498,1
190540,1
190613,0
190667,1
190766,1
191044,1
191076,1
191151,0
191161,1
191175,1
191187,1
191208,0
191223,0
191241,1
191252,1
191296,1
191316,1
191378,1
191409,0
191599,0
191613,1
191625,1
191639,0
191753,1
191841,1
191865,1
191868,0
191883,1
191959,0
191984,0
192002,1
192012,1
192259,1
192268,1
192279,0
192570,1
192583,1
192678,1
192727,1
192862,1
192895,1
193012,1
193077,1
193097,1
193103,1
193115,1
193171,1
193222,0
193223,0
193229,1
193384,1
193421,0
193484,1
193575,1
193577,0
193667,1
193679,1
193756,1
193824,1
193997,1
194149,1
194177,1
194216,1
194253,1
194312,1
194336,0
194359,1
194395,1
194451,1
194507,1
194514,1
194570,0
194593,1
194642,1
194734,1
194762,0
194801,0
194807,0
194935,1
195054,1
195135,0
195218,1
195226,0
195263,1
195278,1
195288,1
195300,1
195325,0
195340,1
195351,0
195392,1
195394,1
195515,0
195529,1
195535,0
195610,1
195615,0
195695,1
195705,1
195776,0
195784,1
195786,0
195806,0
195824,1
195865,0
195945,1
195953,1
195956,1
195959,1
195967,1
195979,1
195994,0
196058,1
196349,1
196376,1
196380,0
196435,1
196550,0
196555,1
196719,1
196743,1
196751,1
196826,1
196989,1
197531,1
197611,1
197642,1
197711,1
197728,1
197795,0
197832,0
197867,1
197914,1
197925,1
197995,0
198004,1
198068,1
198101,1
198282,1
198309,1
198344,0
198484,1
198559,0
198600,1
198601,1
198672,1
198676,1
198702,0
198709,1
198737,1
198747,0
198788,1
198796,0
198806,1
198814,1
198824,1
198826,1
198960,1
199007,1
199037,1
199039,1
199138,0
199243,1
199322,1
199523,1
199759,0
199884,0
199908,0
199911,1
199920,1
199942,1
199973,1
199989,1
200092,1
200193,1
200198,1
200224,1
200236,1
200252,1
200463,0
200490,1
200492,1
200544,1
200597,1
200618,1
200628,1
200746,1
200750,1
200828,1
200973,1
200983,1
201063,0
201134,1
201203,1
201212,1
201346,1
201396,1
201414,0
201430,1
201477,1
201484,1
201494,1
201544,0
201593,1
201658,1
201762,1
201799,1
201873,1
201903,1
202051,1
202060,1
202062,1
202144,1
202358,1
202385,1
202422,1
202433,1
202434,1
202508,1
202511,0
202532,1
202636,0
202651,1
202782,1
202848,1
202896,1
202933,1
203158,1
203240,1
203380,1
203409,1
203414,1
203426,1
203450,1
203505,1
203535,1
203539,1
203549,1
203551,0
203556,1
203834,1
203872,1
203897,0
203917,1
203973,1
204034,0
204043,1
204060,1
204118,1
204127,1
204182,1
204243,1
204264,1
204284,1
204444,0
204606,1
204685,1
204744,0
204759,1
204856,1
204947,0
204953,1
205269,1
205298,1
205371,0
205454,1
205581,0
205599,1
205617,1
205645,0
205706,1
205841,1
205865,1
205877,1
205895,0
206004,0
206029,1
206049,1
206069,1
206136,1
206146,1
206159,1
206223,1
206343,1
206367,1
206401,1
206552,0
206567,1
206730,1
206789,1
206825,1
206836,1
206870,1
206871,1
207010,1
207055,1
207093,1
207174,1
207336,1
207392,1
207469,0
207480,1
207561,0
207563,1
207573,0
207611,1
207625,1
207688,0
207728,1
207730,1
207752,1
207777,1
207840,1
207918,0
207944,1
208069,0
208076,1
208079,1
208090,1
208111,0
208248,0
208283,0
208318,1
208439,1
208475,1
208494,1
208541,1
208547,0
208591,1
208691,1
208718,1
208725,1
208748,0
208784,1
208810,1
208895,1
208896,1
208902,1
208913,1
208925,1
208988,1
209028,1
209038,0
209336,1
209419,1
209545,1
209666,1
209713,0
209741,1
209794,1
210000,1
210027,1
210067,0
210113,1
210134,0
210204,0
210271,1
210350,1
210364,1
210547,0
210598,1
210627,0
210667,1
210840,1
210857,1
210925,1
210985,1
210990,1
211088,0
211100,1
211102,1
211112,1
211143,1
211203,1
211320,1
211331,1
211455,1
211488,1
211517,1
211521,1
211525,0
211559,1
211665,1
211729,1
211839,1
211926,1
211943,1
212181,1
212269,0
212279,1
212293,0
212355,0
212515,1
212523,1
212603,1
212637,1
212645,0
212666,0
212712,0
212713,1
212828,1
212835,1
212851,1
213015,0
213179,1
213318,1
213319,1
213369,1
213473,1
213568,1
213584,1
213590,0
213684,1
213719,0
213782,0
213818,1
213922,1
213971,1
214007,0
214029,1
214042,1
214049,1
214076,1
214096,1
214173,1
214185,1
214234,1
214370,1
214428,0
214474,1
214504,0
214575,1
214588,1
214740,1
214743,1
214803,1
214845,1
214874,0
214912,1
214985,1
215061,1
215065,1
215076,1
215133,1
215181,1
215224,1
215311,1
215323,0
215369,1
215407,1
215430,1
215495,1
215562,0
215602,1
215632,1
215649,1
215768,1
215788,1
215807,1
215821,1
215823,1
215895,0
215967,0
216018,1
216084,1
216111,1
216115,1
216146,0
216223,1
216397,1
216455,0
216531,1
216545,0
216577,0
216626,1
216689,1
216707,1
216731,1
216769,1
216784,1
216823,1
216896,0
216958,0
216981,1
217019,1
217028,1
217067,1
217196,1
217271,0
217329,0
217330,0
217449,1
217475,1
217479,1
217509,1
217544,1
217568,1
217642,1
217808,1
217888,1
217891,1
217928,1
217977,1
217987,1
218006,1
218038,1
218076,1
218151,1
218154,1
218264,0
218283,1
218308,0
218379,0
218432,1
218497,1
218508,1
218518,1
218538,0
218544,1
218600,1
218604,1
218608,1
218621,1
218742,1
218892,1
218899,1
218907,1
218937,1
219005,1
219009,0
219087,1
219144,0
219193,1
219221,1
219269,0
219291,1
219392,1
219401,1
219407,1
219419,0
219466,1
219476,1
219521,1
219549,1
219562,1
219601,1
219616,0
219728,1
219787,0
219794,1
219862,1
219887,1
219974,1
220014,1
220067,0
220159,1
220280,1
220413,0
220450,0
220514,1
221007,1
221117,1
221234,1
221244,1
221250,1
221401,1
221427,1
221576,1
221729,0
221750,0
221761,0
221796,1
221800,1
221967,1
221971,0
221977,1
222167,1
222171,1
222181,1
222246,1
222250,0
222257,1
222274,0
222334,0
222354,0
222392,1
222476,1
222554,0
222573,1
222634,0
222739,0
222780,0
222824,1
222838,1
222865,1
222866,1
222903,0
222996,1
223032,1
223036,1
223042,1
223082,1
223151,1
223243,1
223268,1
223289,1
223311,1
223365,1
223485,1
223545,1
223588,1
223645,1
223692,1
223854,1
223876,1
224204,1
224215,1
224229,1
224230,0
224242,1
224307,1
224320,1
224341,1
224365,0
224423,1
224466,0
224490,1
224599,1
224660,1
224759,1
224784,1
224878,1
224958,1
225051,1
225063,1
225106,1
225183,0
225204,1
225211,1
225357,1
225427,0
225449,0
225524,0
225647,1
225652,1
225750,1
225768,1
225774,1
225802,0
225822,1
225890,1
225924,1
226008,1
226246,1
226312,1
226318,1
226320,0
226398,0
226429,1
226464,1
226467,1
226483,1
226589,0
226619,0
226767,1
226811,1
226853,1
226945,0
226956,1
227022,1
227088,1
227177,1
227184,1
227393,1
227487,1
227560,1
227700,1
227710,1
227713,1
227743,1
227756,0
227773,1
227846,0
227886,1
228039,1
228130,1
228217,0
228384,1
228543,1
228693,0
228762,1
228790,0
228936,1
228939,0
228949,1
228969,1
229008,1
229093,1
229131,1
229241,1
229312,1
229428,1
229470,0
229489,1
229541,1
229586,1
229589,1
229708,1
229747,0
229946,1
229970,1
229990,1
230054,1
230083,1
230162,1
230203,1
230364,1
230432,1
230440,0
230460,1
230547,0
230551,0
230563,1
230587,1
230722,0
230764,1
230765,0
230895,1
230979,0
230997,1
231020,1
231026,1
231032,0
231219,1
231241,1
231322,1
231469,1
231483,1
231552,1
231591,1
231847,1
231911,1
232022,1
232078,1
232106,0
232148,1
232161,0
232236,1
232241,1
232283,1
232356,1
232448,1
232461,0
232491,1
232542,1
232573,1
232600,1
232663,1
232706,1
232837,0
232860,1
232891,1
232910,0
232935,1
232968,0
233076,1
233124,0
233173,1
233197,1
233283,1
233337,1
233357,1
233385,1
233387,1
233414,1
233434,1
233493,1
233563,1
233669,0
233683,1
233710,1
233745,1
233766,1
233775,1
233817,1
233821,1
233941,1
233945,1
233960,1
233973,1
234020,1
234074,1
234077,1
234094,0
234123,1
234170,1
234190,1
234228,0
234239,1
234292,1
234360,1
234462,1
234530,1
234591,1
234667,1
234744,0
234747,1
234756,1
234777,1
234811,0
234818,1
234825,1
234871,1
235025,1
235053,0
235055,1
235075,1
235207,1
235250,1
235339,1
235717,1
235727,1
235746,1
235800,1
235845,1
235880,0
235895,1
235944,1
236049,0
236052,0
236053,1
236097,1
236118,1
236143,1
236158,1
236187,1
236258,1
236291,1
236325,0
236353,1
236357,1
236441,1
236601,1
236618,1
236680,0
236723,1
236752,1
236887,1
236911,0
236914,1
236962,1
237004,1
237184,0
237196,0
237263,0
237313,1
237372,1
237383,0
237503,0
237611,0
237615,1
237694,1
237711,0
237752,0
237803,0
237833,1
237916,1
237932,1
237937,0
237981,1
238005,0
238023,1
238031,1
238045,0
238111,1
238114,1
238181,1
238198,1
238199,0
238304,1
238421,0
238514,1
238527,1
238560,1
238625,0
238628,1
238638,1
238672,1
238776,1
238806,1
238857,1
238890,1
238891,1
238974,0
239010,1
239017,1
239212,1
239342,1
239345,1
239361,1
239395,1
239474,0
239537,1
239658,1
239660,1
239663,1
239680,0
239771,1
239824,1
239917,1
239929,1
239966,1
240102,0
240197,1
240210,1
240386,1
240480,1
240571,1
240604,1
240605,1
240613,1
240695,0
240742,1
240889,1
240902,0
241013,1
241133,1
241145,1
241219,0
241256,0
241318,0
241346,1
241370,1
241385,1
241441,1
241486,1
241530,1
241617,1
241695,1
241709,0
241740,0
241816,1
241832,1
241952,1
241984,1
242036,1
242110,1
242166,1
242215,1
242217,1
242345,1
242430,1
242443,1
242457,1
242464,0
242494,0
242560,1
242657,0
242665,1
242767,0
242912,1
242931,0
243136,1
243282,1
243329,1
243354,1
243368,1
243409,1
243472,1
243553,1
243555,1
243592,1
243594,0
243665,0
243677,1
243901,1
243946,1
243962,0
243966,0
243972,0
244032,1
244063,1
244169,1
244208,1
244210,1
244272,1
244290,1
244325,1
244326,1
244453,0
244482,1
244483,0
244620,0
244651,1
244705,0
244706,1
244787,0
244855,0
244889,0
244909,0
244927,1
244936,1
244956,0
245015,0
245022,1
245029,1
245037,0
245064,0
245078,1
245130,0
245131,0
245189,1
245227,0
245272,1
245274,0
245316,0
245332,0
245335,1
245358,0
245418,1
245445,0
245457,0
245629,0
245720,1
245799,1
245845,0
245847,0
246286,0
246423,0
246511,0
246523,0
246580,1
246585,1
246657,1
246761,0
246795,0
246804,1
246805,1
246822,1
246838,1
246861,0
246913,1
247040,0
247048,0
247086,1
247187,0
247202,0
247283,1
247397,0
247407,1
247413,0
247424,0
247482,0
247489,1
247555,1
247576,0
247579,0
247690,0
247730,0
247919,0
247922,0
247923,1
247930,0
247947,0
248029,0
248040,1
248043,0
248052,0
248110,0
248124,0
248127,0
248166,1
248239,0
248241,1
248401,1
248504,1
248593,0
248647,0
248785,1
248875,0
248891,1
248936,1
248955,1
249129,1
249269,0
249279,0
249364,0
249537,0
249573,0
249687,0
249709,0
249923,1
249949,0
249978,0
250033,0
250169,1
250183,1
250269,1
250445,1
250584,0
250804,0
250887,0
250892,0
250912,0
250960,0
250986,1
251061,0
251146,0
251217,0
251248,0
251255,0
251462,1
251556,0
251578,0
251615,1
251694,0
251771,1
251779,1
251809,0
251829,0
251831,0
251852,1
251991,0
251994,1
252126,1
252137,1
252153,1
252215,0
252373,0
252404,0
252425,1
252474,0
252572,1
252626,1
252670,1
252706,1
252752,1
252778,1
252849,1
252934,0
253021,0
253119,0
253122,0
253159,0
253273,0
253294,0
253403,1
253425,1
253431,0
253482,0
253485,1
253510,0
253636,1
253650,0
253686,1
253813,1
253826,0
253939,0
253958,1
254028,1
254163,0
254166,1
254171,0
254206,1
254221,1
254247,0
254249,0
254289,0
254314,0
254316,1
254349,0
254383,0
254449,1
254472,0
254488,0
254552,0
254614,1
254657,0
254661,1
254687,1
254715,0
254818,0
254820,1
254821,1
254830,1
254833,0
254848,1
254863,0
254872,0
254880,1
254976,0
255038,1
255074,0
255084,1
255178,0
255205,1
255270,0
255425,0
255466,0
255511,0
255529,0
255560,1
255561,0
255615,0
255632,1
255636,0
255671,0
255732,1
255771,0
255783,0
255807,1
255883,1
255889,0
255962,1
256047,1
256050,1
256117,0
256153,1
256162,0
256241,1
256249,1
256311,1
256320,1
256342,1
256346,1
256348,1
256352,0
256359,1
256364,1
256431,1
256485,0
256540,0
256570,1
256585,0
256703,0
256738,1
256786,0
256788,1
256821,1
256861,1
256868,0
256874,1
256938,0
256970,1
256991,1
257038,0
257048,0
257118,0
257170,0
257212,0
257281,0
257371,0
257529,0
257841,1
257901,1
257909,0
257927,1
258051,0
258168,1
258378,1
258386,0
258398,0
258455,1
258477,0
258574,1
258608,0
258646,1
258669,0
258698,0
258727,1
258827,1
258875,0
258884,1
258890,0
258898,0
258935,1
258939,0
258949,0
258987,1
259026,0
259108,0
259116,1
259128,0
259181,0
259240,0
259243,0
259260,0
259345,0
259388,0
259392,1
259496,1
259497,0
259521,0
259553,1
259572,1
259662,1
259762,1
259918,0
259944,1
259997,1
260055,1
260184,0
260314,0
260400,0
260421,1
260483,0
260563,0
260613,1
260676,0
260707,1
260833,0
260871,1
261031,1
261096,1
261143,0
261160,0
261298,0
261371,0
261453,1
261462,0
261595,0
261663,0
261726,1
261871,0
261877,0
261945,0
261969,0
261987,0
262070,0
262157,0
262245,1
262299,0
262347,0
262351,0
262497,0
262510,0
262862,1
262888,0
263003,0
263079,1
263193,1
263266,1
263283,0
263342,0
263413,1
263421,0
263542,0
263566,0
263700,1
263856,0
263860,0
263895,0
263931,0
263943,1
264034,0
264075,0
264093,0
264231,0
264319,1
264347,1
264348,1
264583,0
264592,0
264600,0
264614,0
264711,0
264740,0
264820,0
264860,0
264989,0
265055,0
265075,0
265115,0
265210,0
265234,0
265571,0
265667,0
265682,0
265718,0
265764,0
265778,0
265899,0
265916,0
265956,0
265996,0
266003,0
266180,0
266358,0
266417,0
266528,0
266660,0
266664,0
266762,0
266790,0
266807,0
266831,0
266883,0
266936,0
267095,0
267106,0
267113,0
267120,0
267199,0
267414,0
267459,0
267466,0
267563,0
267582,0
267662,0
267720,0
267743,0
267758,0
267826,0
268002,1
268012,1
268132,0
268180,0
268295,0
268302,1
268341,1
268414,0
268472,1
268508,0
268530,0
268588,0
268717,0
268740,0
268898,1
268903,0
268918,0
268965,1
268982,0
269110,0
269114,0
269184,0
269187,0
269233,1
269300,1
269339,1
269347,1
269362,1
269398,0
269455,0
269525,1
269528,1
269544,1
269599,1
269603,1
269654,0
269749,1
269777,0
269778,0
269845,1
269868,1
269881,0
270012,0
270055,1
270060,0
270103,0
270229,0
270302,0
270385,1
270455,0
270478,1
270678,0
270691,0
270741,0
270797,0
270939,0
271037,1
271118,0
271138,0
271220,0
271272,0
271386,1
271612,0
271642,0
271660,0
271784,0
272201,0
272245,0
272259,0
272282,0
272320,0
272433,0
272726,0
272835,0
272862,1
272875,0
272929,0
273113,1
273241,1
273363,1
273398,0
273446,0
273462,0
273515,0
273530,0
273665,0
273670,0
273767,1
273781,0
273786,0
273794,0
273798,0
273848,0
273854,0
273868,0
273942,0
273979,0
274064,0
274148,0
274186,0
274281,1
274399,0
274505,1
274591,1
274621,1
274674,0
274685,0
274711,1
274798,0
274823,0
274926,0
274962,0
275027,0
275050,0
275081,0
275137,0
275208,0
275245,0
275273,0
275300,0
275396,0
275439,0
275552,0
275725,0
275750,0
275756,0
275826,0
275855,0
275858,0
275891,0
275892,0
275915,0
275979,0
276069,0
276112,0
276120,0
276301,0
276327,0
276502,0
276532,0
276612,0
276662,0
276678,0
276757,0
276918,0
276932,0
277148,0
277228,0
277281,0
277332,0
277431,0
277457,0
277469,0
277497,0
277598,0
277728,0
277789,0
277798,0
277963,0
278088,0
278174,0
278239,0
278308,0
278324,1
278330,0
278405,0
278419,0
278444,0
278449,0
278463,0
278599,0
278671,0
278701,0
278982,0
279101,0
279135,0
279146,0
279162,0
279217,0
279262,0
279296,0
279311,0
279332,0
279540,0
279720,0
279738,0
279795,0
279816,0
279851,0
279894,1
279950,0
279957,0
280116,0
280117,0
280335,0
280362,0
280437,0
280522,0
280538,0
280551,0
280723,0
280763,0
280799,0
280974,0
281065,0
281143,0
281150,0
281175,0
281204,0
281290,0
281445,0
281705,0
281724,0
281745,0
281875,0
281920,0
281994,0
282035,0
282139,0
282146,0
282323,0
282363,0
282420,0
282635,0
282667,0
282807,0
282891,0
282905,0
282965,0
282992,0
283119,1
283176,0
283180,0
283222,0
283319,0
283420,0
283732,0
283863,0
283987,0
284112,0
284117,0
284118,0
284132,0
284194,0
284204,0
284295,0
284302,0
284315,0
284321,0
284353,0
284443,0
284455,0
284500,0
284506,0
284525,0
284577,0
284614,0
284615,1
284645,0
284707,0
284722,0
284743,0
284879,0
284953,0
284962,0
285114,0
285163,1
285272,0
285307,0
285421,0
285579,0
285854,0
285968,0
286036,0
286192,0
286212,0
286327,0
286460,0
286582,0
286653,0
286755,0
286884,0
286891,0
286896,0
286898,0
286917,0
287037,0
287103,0
287156,1
287200,0
287227,0
287302,1
287473,0
287551,0
287590,0
287686,0
287694,0
287746,0
287936,0
287943,0
287947,0
287948,0
287971,0
288364,0
288367,0
288467,0
288482,0
288587,0
288693,0
288856,0
289047,0
289098,1
289187,0
289231,0
289240,0
289254,0
289275,0
289317,0
289319,0
289428,0
289481,0
289551,0
289554,0
289566,0
289592,0
289672,0
289687,0
289771,0
289797,1
289826,0
289897,0
289960,0
289964,0
290042,0
290225,0
290247,0
290262,0
290267,0
290371,0
290420,0
290441,0
290455,0
290518,0
290638,1
290665,1
290698,1
291114,0
291161,0
291228,0
291511,1
291622,0
291630,0
291830,0
291980,0
292116,1
292171,0
292206,1
292244,1
292268,1
292429,1
292512,0
292713,0
292721,0
292822,0
292846,0
292927,0
292950,0
293072,0
293225,0
293249,1
293253,0
293406,0
293466,0
293469,0
293581,0
293586,0
293635,0
293641,0
293673,0
293703,0
293721,0
293727,0
293776,0
293795,0
293872,0
293951,0
294118,0
294124,0
294126,0
294347,0
294421,0
294558,0
294571,0
294578,0
294604,0
294629,1
294633,0
294640,0
294718,0
294906,0
294956,0
295004,0
295015,0
295069,0
295112,0
295157,1
295303,0
295308,0
295391,0
295400,0
295465,0
295512,0
295627,0
295656,0
295668,0
295733,0
295778,0
295789,0
295963,0
296092,1
296195,0
296223,0
296274,0
296309,0
296527,0
296665,0
296723,0
296742,0
296752,0
296825,0
296992,0
297110,0
297111,0
297179,0
297210,0
297235,0
297298,0
297331,0
297575,0
297694,0
297783,1
297797,0
297885,0
297920,0
297964,1
298004,0
298085,0
298169,0
298212,0
298222,0
298323,0
298378,0
298381,0
298441,0
298872,0
298920,0
298980,1
299056,0
299072,0
299233,1
299247,0
299299,0
299546,0
299555,0
299576,0
299593,0
299611,0
299711,0
299820,0
299822,0
299917,0
300021,0
300041,0
300113,1
300170,1
300178,1
300260,1
300271,0
300366,0
300373,0
300530,0
300538,0
300574,0
300774,0
300928,0
300997,0
301499,0
301606,0
301710,0
301725,0
301769,0
301780,0
301817,0
301953,1
302020,0
302062,0
302069,1
302097,0
302115,0
302119,1
302329,1
302361,1
302411,0
302413,1
302439,0
302458,1
302526,1
302555,1
302617,0
302723,0
302725,0
302812,1
302964,0
303032,1
303083,0
303114,0
303119,1
303126,0
303228,0
303243,0
303253,0
303398,0
303430,1
303487,0
303541,0
303544,1
303555,0
303592,0
303638,1
303721,0
303776,0
303777,0
303939,1
303993,1
304013,0
304037,0
304053,1
304372,0
304394,0
304447,0
304549,0
304689,0
304716,0
304722,0
304752,0
304916,0
304992,0
305004,0
305016,0
305018,0
305124,0
305172,0
305184,1
305228,0
305255,0
305286,0
305362,0
305390,0
305443,0
305563,0
305622,0
305631,0
305660,1
305826,0
305866,0
305898,0
305967,0
306108,0
306329,0
306367,1
306489,0
306570,0
306594,0
306712,0
306751,0
307179,0
307187,0
307348,0
307350,0
307365,0
307381,0
307502,0
307506,0
307577,0
307605,1
307630,0
307745,0
307776,0
307788,0
307959,0
307968,0
307994,0
308008,0
308142,1
308185,0
308333,0
308351,0
308521,0
308569,0
308588,0
308604,1
308961,0
309019,1
309093,0
309100,0
309170,0
309346,0
309415,0
309437,0
309503,0
309707,1
309750,0
309774,0
309800,0
309970,0
309977,0
309984,0
310071,0
310254,0
310264,0
310336,0
310341,0
310369,0
310483,0
310488,0
310615,0
310733,1
310836,0
310977,1
311037,0
311096,0
311133,0
311220,0
311262,0
311290,0
311388,0
311481,0
311518,0
311568,1
311634,0
311822,0
311863,0
311920,0
311956,0
312329,1
312486,0
312711,0
312734,0
312783,0
313168,0
313191,0
313218,0
313330,0
313444,0
313556,0
313630,0
313669,0
313720,0
313773,0
313869,0
313901,0
313917,0
313980,0
313982,0
314005,1
314226,0
314267,1
314272,0
314403,0
314467,1
314517,0
314550,0
314671,0
314695,0
314711,0
314746,1
314809,1
314866,0
314868,1
314987,1
314999,0
315041,1
315044,1
315083,0
315135,0
315153,0
315157,0
315192,0
315202,0
315249,0
315274,0
315436,0
315479,0
315545,0
315548,0
315697,0
315701,0
315731,0
315882,0
315911,0
315925,0
315940,0
316091,0
316093,0
316125,0
316303,0
316346,0
316350,0
316472,0
316497,1
316531,0
316633,1
316659,0
316852,1
316915,1
316917,1
317051,0
317073,1
317138,0
317184,1
317190,0
317424,1
317456,0
317481,1
317661,0
317701,1
317710,0
317719,1
317743,0
317752,0
317828,0
317834,1
318012,0
318036,1
318098,0
318164,1
318297,1
318513,0
318572,1
318601,0
318632,1
318787,1
318804,0
318897,0
318990,1
319001,0
319154,1
319362,0
319374,1
319379,0
319403,0
319418,0
319430,0
319449,0
319485,1
319496,0
319559,0
319601,0
319625,0
319664,0
319969,1
319973,0
320043,1
320072,0
320100,1
320125,1
320419,1
320482,1
320519,0
320585,1
320588,0
320699,0
320819,1
320847,0
320870,1
320947,0
320948,0
320955,0
321069,1
321081,0
321101,0
321146,1
321190,1
321290,1
321324,0
321341,1
321363,1
321374,1
321407,1
321430,0
321450,1
321482,1
321489,1
321496,0
321503,0
321514,0
321544,1
321548,1
321573,1
321765,1
321830,1
321877,1
321893,0
321914,0
321975,0
322000,0
322018,0
322127,0
322226,1
322241,0
322266,0
322458,1
322585,1
322652,1
322714,0
322722,0
322731,1
322739,1
322793,0
322828,0
322843,1
322865,0
322897,0
322994,0
323027,0
323031,0
323044,1
323101,0
323116,0
323123,0
323127,0
323128,0
323144,0
323146,0
323175,0
323189,1
323218,0
323220,0
323274,0
323360,1
323435,1
323452,1
323458,0
323501,0
323512,0
323629,0
323642,1
323659,0
323678,0
323698,0
323703,0
323711,0
323824,0
323973,0
324077,1
324078,0
324084,0
324129,0
324142,0
324143,0
324153,0
324168,1
324188,1
324198,0
324229,0
324232,1
324238,0
324247,0
324296,0
324337,1
324378,0
324458,1
324488,1
324550,0
324573,0
324612,1
324786,1
324802,1
324852,0
324864,1
324911,1
324927,0
324932,1
324949,1
324986,1
325093,1
325119,0
325148,1
325180,0
325188,0
325199,0
325234,1
325267,1
325289,1
325545,0
325600,1
325671,0
325674,0
325700,0
325718,0
325722,0
325766,1
325854,0
325872,1
325906,1
325951,1
326002,0
326006,1
326039,1
326068,0
326086,1
326280,0
326398,1
326442,0
326463,0
326481,0
326561,0
326614,1
326648,0
326665,1
326701,1
326735,1
326769,0
326773,1
326817,0
326851,0
326882,0
326893,0
326899,1
326917,0
326947,0
326995,0
327020,0
327032,0
327045,0
327060,0
327116,0
327122,1
327143,1
327156,1
327213,0
327251,0
327281,0
327282,0
327316,0
327351,0
327591,1
327766,1
327840,0
327849,1
327851,0
328001,1
328011,0
328025,1
328087,1
328124,0
328151,1
328153,0
328159,0
328173,0
328208,1
328243,1
328287,0
328318,1
328361,0
328377,0
328422,1
328547,1
328656,0
328659,0
328683,0
328757,1
328764,1
328889,0
328895,0
328923,0
328948,0
329070,0
329090,0
329232,1
329239,1
329286,1
329307,1
329339,0
329469,0
329525,1
329571,1
329657,1
329659,1
329664,0
329710,1
329840,0
329869,1
329873,1
329940,1
330031,1
330048,0
330168,0
330193,0
330194,0
330200,0
330210,0
330283,0
330288,0
330334,0
330336,0
330342,0
330366,0
330429,0
330430,0
330483,1
330572,1
330638,1
330663,1
330837,1
330887,1
330905,1
330953,1
330964,1
330978,1
330987,0
331104,1
331241,1
331283,0
331373,1
331394,1
331414,1
331451,0
331467,1
331482,0
331547,0
331688,0
331714,0
331825,0
331883,0
331907,0
331916,0
331954,1
332034,0
332144,1
332155,1
332162,1
332168,0
332183,0
332253,1
332255,0
332399,0
332451,0
332475,0
332492,0
332564,0
332597,0
332613,0
332623,1
332643,1
332655,0
332666,0
332694,0
332708,0
332811,1
332920,0
333014,0
333052,0
333124,1
333262,0
333297,0
333364,0
333432,1
333476,0
333523,0
333645,0
333675,1
333751,0
333779,0
333819,0
333826,0
333846,1
333916,0
333996,1
334016,0
334052,0
334057,0
334098,1
334155,0
334170,1
334191,0
334215,0
334229,1
334238,0
334325,1
334330,0
334665,1
334676,0
334877,0
334901,0
334915,1
334932,0
334963,1
334986,0
335004,0
335006,1
335017,0
335021,1
335034,0
335064,0
335113,0
335130,0
335134,0
335224,0
335245,0
335247,0
335291,0
335337,0
335362,1
335384,0
335397,0
335424,0
335428,0
335459,1
335465,0
335521,0
335558,0
335574,0
335606,0
335664,0
335665,0
335723,1
335757,1
335786,0
335792,0
335798,0
335906,0
335915,1
335929,1
335971,1
336028,1
336084,0
336096,0
336192,0
336231,0
336305,0
336312,1
336320,0
336382,1
336384,0
336488,0
336564,0
336632,0
336642,0
336698,0
336722,0
336733,0
336743,0
336756,0
336792,0
336808,0
336809,1
336847,0
336857,0
336876,1
336998,0
337111,0
337179,1
337197,0
337200,0
337229,0
337231,0
337250,1
337268,0
337269,0
337402,1
337531,1
337557,0
337562,0
337604,0
337649,1
337681,0
337682,0
337697,1
337830,0
337988,1
338021,1
338076,0
338183,1
338211,0
338240,0
338243,1
338352,0
338397,1
338462,0
338546,0
338612,0
338616,0
338638,0
338644,1
338646,0
338664,0
338776,0
338813,0
338831,0
338865,0
338941,1
338984,0
339195,0
339225,0
339318,0
339351,1
339386,0
339455,1
339557,1
339591,1
339624,1
339698,1
339748,0
339749,0
339911,0
339925,1
339926,0
339931,0
340034,1
340043,1
340082,0
340100,1
340105,0
340161,1
340173,0
340265,0
340308,0
340326,1
340363,0
340436,1
340474,1
340491,0
340500,0
340677,0
340685,0
340772,1
340839,0
340852,0
340867,1
340897,0
340902,0
341072,0
341084,0
341179,0
341203,1
341238,0
341271,0
341272,0
341282,0
341326,1
341332,1
341399,0
341404,0
341409,0
341416,0
341425,0
341446,0
341504,0
341581,1
341600,1
341619,0
341672,0
341701,1
341819,0
341853,1
341946,1
341956,1
342007,0
342034,1
342212,0
342297,0
342460,0
342578,0
342618,0
342718,1
342792,0
342812,0
342965,0
343059,0
343084,0
343142,0
343145,0
343159,1
343252,1
343275,0
343343,1
343347,1
343358,0
343381,0
343382,0
343409,1
343438,0
343504,1
343522,0
343559,0
343617,0
343619,1
343627,0
343776,0
343782,0
343828,0
343853,0
343934,1
344079,1
344082,0
344166,1
344277,1
344397,0
344403,0
344410,0
344482,1
344542,0
344582,0
344613,1
344639,0
344665,0
344691,1
344708,0
344752,0
344832,0
344972,1
345000,1
345009,0
345034,1
345074,0
345120,0
345139,0
345158,0
345181,0
345186,1
345212,1
345213,1
345214,1
345246,1
345320,1
345348,0
345367,1
345558,1
345574,1
345667,1
345697,1
345701,0
345721,1
345724,1
345725,1
345748,0
345776,1
345816,0
345858,1
345906,1
345908,0
345910,0
345929,0
345964,0
345984,0
346003,1
346019,0
346024,1
346052,0
346133,0
346143,0
346177,0
346208,0
346210,0
346224,0
346245,0
346257,0
346373,1
346407,0
346435,0
346482,1
346487,1
346492,0
346535,0
346567,0
346569,1
346590,0
346607,1
346664,0
346719,0
346737,1
346765,0
346921,0
347058,1
347059,0
347174,0
347237,1
347254,0
347265,0
347346,0
347362,0
347363,0
347398,1
347461,0
347563,1
347632,0
347646,0
347662,1
347674,0
347713,0
347736,0
347809,1
347840,1
347903,1
347910,1
347929,0
347954,0
347980,0
348047,0
348065,1
348108,0
348117,0
348129,1
348147,0
348153,0
348189,1
348241,1
348367,1
348395,0
348423,1
348425,0
348486,1
348536,1
348538,1
348578,0
348588,1
348644,0
348728,1
348767,0
348843,0
348945,0
348946,0
349002,0
349179,0
349232,1
349271,0
349358,1
349380,1
349410,0
349417,0
349530,1
349543,1
349561,1
349578,1
349580,0
349672,1
349673,1
349680,1
349731,0
349861,0
349942,1
349965,0
349985,1
350018,1
350122,0
350131,1
350141,0
350172,0
350185,0
350234,0
350255,0
350274,0
350302,0
350400,0
350410,0
350411,0
350458,0
350461,0
350462,0
350477,0
350531,1
350535,1
350581,0
350662,1
350683,1
350709,0
350785,0
350834,1
350899,1
350942,1
350981,1
350996,1
351019,0
351025,0
351042,0
351061,0
351063,1
351086,0
351109,0
351138,0
351166,0
351189,1
351210,0
351256,0
351420,0
351430,0
351469,0
351477,0
351479,0
351482,0
351498,1
351521,1
351551,1
351556,1
351557,0
351596,0
351615,0
351705,0
351729,0
351810,0
351923,0
351928,0
351950,0
352028,0
352055,0
352083,1
352099,0
352130,0
352202,1
352205,1
352209,1
352254,1
352305,0
352445,1
352503,0
352512,0
352627,0
352699,0
352732,1
352738,1
352751,1
352759,0
352949,1
352954,1
352957,0
352962,1
353052,1
353115,0
353124,0
353132,0
353134,1
353139,0
353156,1
353213,0
353245,1
353290,0
353372,1
353376,0
353394,0
353396,0
353470,0
353564,0
353566,0
353679,0
353714,0
353751,1
353752,1
353758,0
353760,1
353809,0
353812,1
353829,0
353856,1
353859,0
353860,0
353869,0
353883,0
353885,0
353922,1
353949,0
353973,0
354023,0
354043,0
354086,1
354088,0
354239,0
354293,0
354303,0
354487,0
354507,1
354567,1
354706,0
354712,1
354759,1
354777,0
354783,0
354784,1
354801,0
354804,0
354806,0
354954,1
355043,1
355126,0
355129,0
355246,0
355262,1
355326,0
355335,0
355369,1
355394,1
355417,0
355448,0
355476,1
355479,0
355537,0
355588,0
355598,0
355607,0
355613,0
355678,1
355688,1
355697,1
355704,0
355783,0
355785,1
355788,0
355810,1
355818,1
355865,1
355895,1
355942,1
356028,1
356042,0
356045,0
356058,1
356080,1
356105,1
356120,0
356167,1
356271,0
356385,0
356489,1
356568,0
356615,1
356625,1
356633,1
356653,0
356666,0
356778,1
356796,0
356800,0
356858,1
356871,1
356954,1
356976,0
356998,1
357030,1
357035,0
357058,0
357171,1
357262,0
357289,0
357330,1
357333,0
357404,0
357411,1
357424,1
357437,0
357458,1
357471,0
357491,1
357495,1
357496,1
357554,0
357581,0
357588,0
357594,0
357597,1
357715,0
357739,1
357773,0
357826,1
357856,1
357884,1
357914,1
357917,0
358094,1
358104,0
358135,0
358145,0
358168,0
358181,1
358206,0
358251,1
358279,0
358294,0
358304,1
358326,1
358371,1
358382,0
358419,0
358426,0
358442,1
358449,0
358539,0
358563,0
358572,0
358635,0
358720,0
358748,0
358838,0
358868,0
358917,0
358970,0
359039,1
359055,1
359127,0
359137,0
359164,1
359180,1
359218,1
359238,0
359251,1
359253,0
359317,1
359322,0
359323,0
359363,0
359394,1
359547,0
359565,1
359596,0
359683,0
359691,1
359711,0
359807,1
359812,0
359820,0
359821,0
359851,1
359858,0
359911,1
359944,1
360013,1
360019,0
360041,0
360056,0
360135,0
360137,0
360155,0
360273,0
360376,0
360451,1
360458,0
360551,0
360614,0
360638,0
360640,0
360680,0
360713,1
360727,1
360728,0
360771,0
360787,0
360803,1
360804,0
360806,1
360810,0
360862,0
360905,1
360937,0
360952,0
361024,0
361054,0
361140,0
361274,1
361314,1
361419,1
361429,0
361430,1
361465,1
361490,0
361646,0
361677,1
361714,1
361774,0
361778,1
361813,0
361840,0
361900,1
361947,0
361983,0
362037,0
362039,0
362068,0
362081,0
362117,0
362148,0
362191,0
362221,0
362224,0
362237,0
362281,0
362355,0
362443,1
362463,0
362508,1
362637,0
362708,1
362737,0
362771,0
362932,0
362939,0
363046,0
363131,1
363179,0
363184,0
363195,0
363210,1
363213,1
363243,0
363283,1
363336,1
363348,0
363367,0
363370,1
363380,0
363449,0
363476,1
363532,0
363598,1
363655,0
363656,0
363757,0
363766,0
363796,0
363810,1
363867,1
363931,0
363976,1
364121,0
364181,0
364228,0
364241,0
364245,1
364255,1
364310,0
364347,1
364398,1
364402,0
364413,0
364438,0
364457,0
364488,1
364521,0
364665,1
364674,0
364716,1
364744,0
364748,0
364768,1
364777,0
364797,0
364811,1
364838,0
364858,0
364935,0
364966,0
364981,0
364994,0
365074,0
365174,0
365190,0
365286,1
365348,0
365399,0
365413,0
365486,1
365526,0
365579,1
365596,0
365658,1
365714,1
365728,0
365781,0
365827,0
365906,1
366057,0
366069,0
366108,1
366118,0
366147,0
366157,0
366179,1
366213,0
366312,0
366318,0
366362,0
366368,0
366373,0
366395,0
366447,1
366460,0
366466,0
366476,0
366498,0
366535,0
366563,0
366607,0
366724,0
366728,0
366742,0
366744,0
366795,0
366805,0
366815,0
366818,1
366851,0
366894,0
366895,0
366942,1
366960,1
366979,0
367029,1
367051,0
367071,0
367151,0
367245,0
367247,0
367257,0
367306,1
367329,0
367357,0
367381,0
367432,1
367437,0
367438,0
367439,0
367599,1
367605,0
367641,0
367708,0
367723,1
367744,1
367756,0
367760,0
367792,1
367798,1
367901,0
367943,0
367966,0
367974,1
368012,0
368030,0
368056,1
368069,0
368080,1
368146,0
368149,0
368180,0
368184,0
368188,0
368195,0
368233,0
368247,1
368250,0
368254,0
368261,0
368276,1
368284,0
368365,0
368423,0
368440,1
368507,1
368509,0
368703,1
368733,0
368734,0
368803,0
368819,1
369022,1
369023,0
369054,1
369110,0
369224,0
369266,1
369352,0
369371,0
369419,0
369431,1
369432,1
369459,0
369466,0
369483,1
369488,0
369495,0
369536,0
369547,1
369556,0
369562,0
369567,0
369592,0
369593,0
369635,0
369683,0
369685,0
369764,0
369787,0
369812,0
369841,0
369884,0
369965,0
369980,0
370027,1
370040,1
370050,1
370091,0
370152,1
370171,0
370174,0
370186,0
370220,1
370282,0
370301,0
370302,1
370336,1
370365,0
370368,0
370376,0
370387,0
370390,1
370392,0
370396,0
370407,0
370433,1
370464,0
370471,0
370524,0
370538,0
370548,0
370573,0
370577,0
370611,1
370652,0
370719,0
370740,0
370770,0
370771,0
370775,0
370802,0
370846,0
370850,0
370887,0
370900,0
370923,0
370948,0
371037,0
371058,1
371064,0
371081,0
371088,0
371090,0
371137,1
371148,1
371163,0
371168,0
371261,0
371262,0
371270,1
371291,0
371303,0
371322,0
371326,1
371352,0
371372,1
371373,1
371383,0
371397,1
371406,1
371473,0
371524,1
371540,0
371541,1
371544,0
371568,0
371570,1
371621,0
371633,0
371637,0
371643,0
371648,0
371652,0
371689,1
371696,0
371736,0
371761,0
371764,0
371773,1
371780,1
371794,0
371805,1
371813,0
371814,1
371862,0
371894,1
371961,0
371978,0
372017,0
372065,1
372093,0
372121,0
372125,0
372148,0
372152,0
372170,1
372261,0
372282,0
372333,1
372370,0
372399,0
372425,1
372465,1
372466,1
372507,0
372521,1
372550,1
372607,1
372614,0
372623,0
372636,0
372671,0
372683,1
372803,0
372876,1
372915,0
372930,0
372942,0
372997,1
373017,0
373103,1
373114,1
373117,1
373126,0
373209,0
373269,0
373305,0
373314,0
373391,0
373419,1
373478,0
373481,0
373509,0
373568,0
373584,0
373595,0
373625,0
373661,1
373663,0
373691,1
373705,0
373708,0
373716,0
373720,1
373740,0
373751,0
373767,1
373773,0
373795,0
373852,0
373853,0
373870,0
373879,1
373938,0
373994,0
374049,1
374051,1
374151,1
374153,0
374156,0
374158,0
374224,1
374400,1
374411,1
374449,0
374551,0
374566,1
374571,1
374585,1
374613,0
374693,0
374695,0
374816,0
374848,0
374862,0
374960,0
374963,0
374981,0
374986,0
374998,0
375008,0
375030,1
375054,0
375066,0
375119,0
375130,0
375208,0
375210,0
375247,0
375274,0
375351,0
375471,0
375490,0
375538,0
375546,1
375553,0
375560,0
375571,0
375597,0
375620,1
375623,0
375700,0
375744,1
375837,0
375838,1
375853,0
375868,0
375873,0
375874,0
375908,0
375912,0
375925,1
375959,1
376069,0
376125,0
376239,1
376270,0
376347,0
376353,0
376378,1
376390,1
376394,1
376415,0
376467,0
376502,0
376523,1
376678,1
376693,0
376719,1
376726,1
376743,0
376878,0
376933,0
376934,0
376939,0
376987,0
376991,0
377022,0
377036,1
377086,0
377099,0
377128,0
377146,0
377233,0
377242,0
377276,0
377367,0
377473,0
377484,0
377486,1
377490,0
377528,1
377540,1
377566,0
377588,0
377684,0
377705,0
377707,1
377717,0
377871,1
377949,1
377973,0
377986,1
378024,0
378041,0
378047,0
378062,0
378087,0
378121,1
378203,1
378206,0
378209,0
378246,1
378300,0
378323,0
378371,0
378380,1
378384,0
378387,0
378463,0
378477,0
378484,1
378513,0
378549,0
378557,0
378579,0
378603,0
378640,0
378675,0
378690,1
378707,0
378758,0
378761,0
378774,0
378780,0
378786,0
378789,0
378808,1
378852,0
378872,0
378877,0
378936,0
378982,0
379101,0
379114,0
379126,0
379171,0
379174,0
379189,1
379273,0
379285,0
379298,0
379322,0
379352,0
379374,0
379378,0
379426,0
379436,1
379566,0
379571,0
379597,0
379613,0
379623,0
379663,0
379706,0
379711,0
379713,0
379814,0
379868,0
379929,0
379931,0
379939,0
379969,0
379984,0
380028,0
380033,0
380038,0
380051,0
380078,0
380094,0
380155,0
380161,0
380196,0
380257,0
380281,1
380377,0
380423,1
380428,0
380445,0
380449,0
380464,0
380500,0
380525,1
380531,1
380560,0
380576,0
380582,1
380603,0
380613,0
380620,1
380630,0
380632,0
380634,0
380641,1
380650,1
380694,0
380711,1
380754,0
380762,0
380807,0
380895,0
380906,0
380911,0
380930,0
380933,0
380939,0
380942,0
380987,0
381005,1
381006,0
381058,1
381059,0
381122,0
381132,0
381148,1
381156,0
381169,0
381179,0
381185,0
381222,1
381237,0
381238,1
381240,0
381242,0
381323,1
381328,0
381335,0
381342,1
381358,0
381363,0
381422,0
381455,0
381501,1
381566,0
381576,0
381618,1
381634,1
381673,0
381680,0
381698,1
381699,0
381731,0
381787,1
381818,0
381827,0
381833,1
381855,0
381866,0
381881,0
381886,0
381918,0
381919,0
381921,0
382007,0
382012,0
382033,0
382048,0
382051,1
382061,0
382069,0
382088,1
382102,1
382147,0
382163,0
382188,1
382291,1
382360,1
382370,0
382375,0
382383,0
382389,1
382392,0
382411,1
382443,0
382449,0
382454,0
382515,0
382519,0
382548,0
382553,0
382593,0
382625,1
382713,1
382714,0
382818,1
382834,0
382906,1
382927,0
382944,0
382989,1
382993,1
383009,1
383013,1
383054,0
383112,1
383142,0
383175,0
383198,0
383221,0
383280,0
383285,0
383286,1
383301,1
383310,0
383380,0
383442,1
383445,0
383490,0
383496,0
383500,0
383516,0
383547,1
383598,0
383702,1
383805,0
383842,0
383854,0
383863,0
383896,1
383912,0
383913,0
383935,0
383938,0
383950,0
383951,1
383986,0
383987,0
384082,0
384208,1
384232,0
384271,0
384306,0
384341,0
384388,0
384394,0
384419,1
384425,0
384440,0
384463,0
384485,1
384493,1
384572,1
384748,1
384765,0
384782,1
384819,1
384845,0
384853,0
384910,0
384954,1
384956,0
384963,1
384997,1
385120,0
385136,0
385148,0
385190,0
385210,1
385263,1
385270,0
385283,0
385287,1
385295,0
385348,1
385353,0
385361,0
385367,1
385404,0
385412,0
385428,0
385456,0
385467,0
385508,0
385537,0
385576,0
385588,0
385597,0
385613,0
385649,1
385662,0
385750,0
385771,0
385797,1
385799,0
385845,0
385893,1
385896,0
385900,1
385933,1
385971,0
385989,0
386124,1
386143,0
386146,0
386169,0
386218,1
386279,1
386295,0
386404,0
386425,0
386501,0
386508,0
386537,0
386540,1
386559,1
386574,1
386578,1
386594,1
386714,0
386723,0
386765,0
386787,0
386804,0
386806,1
386808,1
386885,1
386895,0
386902,0
386939,1
386944,0
386945,0
386986,0
387012,1
387057,0
387114,0
387151,0
387175,1
387200,0
387214,0
387295,0
387300,0
387301,0
387320,0
387332,1
387342,0
387364,0
387366,0
387377,1
387420,1
387469,0
387471,1
387498,0
387540,1
387545,1
387569,1
387587,1
387594,1
387597,0
387633,1
387648,0
387653,1
387684,0
387734,0
387742,1
387885,0
387894,1
387910,0
387997,0
388014,1
388169,0
388219,1
388233,1
388286,0
388330,0
388362,0
388370,1
388500,0
388563,0
388605,0
388612,0
388634,0
388636,1
388659,0
388685,0
388690,1
388723,0
388774,0
388799,0
388852,1
388919,0
388923,0
388957,0
388992,0
389016,0
389032,0
389042,1
389070,0
389080,1
389104,0
389111,1
389123,1
389166,0
389177,0
389373,0
389428,0
389440,0
389481,1
389485,1
389544,1
389551,1
389626,0
389675,0
389682,0
389683,0
389715,0
389747,0
389769,0
389775,0
389780,0
389797,1
389798,0
389825,0
389842,0
389881,1
389919,0
389945,0
389955,1
389985,1
389994,0
390026,1
390066,0
390108,0
390195,1
390212,0
390249,1
390276,0
390288,1
390297,1
390349,1
390466,0
390470,0
390474,1
390482,1
390539,0
390582,1
390630,0
390643,0
390644,0
390652,1
390675,0
390687,0
390705,0
390724,1
390727,1
390746,1
390747,0
390761,0
390770,0
390826,0
390831,1
390851,0
390894,0
390913,0
390932,0
390957,0
390972,0
390979,1
391031,0
391112,0
391121,0
391151,0
391173,0
391223,0
391256,1
391317,0
391337,0
391343,0
391383,1
391406,0
391414,1
391417,1
391439,0
391442,0
391483,0
391486,1
391496,0
391503,0
391504,0
391505,1
391508,1
391510,0
391516,0
391521,0
391558,0
391584,0
391598,0
391621,0
391678,1
391690,1
391797,1
391844,0
391905,1
391920,0
391945,0
391955,0
391972,0
392011,0
392029,0
392035,1
392069,0
392146,0
392148,1
392151,0
392160,0
392168,0
392171,0
392202,0
392219,0
392227,0
392248,1
392268,0
392277,1
392285,1
392303,1
392346,0
392360,0
392374,0
392397,0
392403,0
392427,0
392429,0
392432,0
392435,0
392440,1
392453,0
392502,0
392509,1
392529,1
392539,0
392542,0
392556,1
392605,0
392607,1
392690,1
392695,0
392736,1
392844,0
392920,0
392957,0
392981,0
393040,0
393042,1
393071,1
393122,0
393151,1
393165,1
393173,0
393261,1
393264,1
393289,1
393296,1
393304,1
393325,1
393396,0
393405,1
393414,0
393453,0
393469,0
393472,0
393484,0
393540,0
393541,0
393584,1
393586,0
393587,1
393614,0
393623,0
393625,1
393691,0
393735,0
393737,0
393754,0
393773,0
393781,0
393799,0
393802,1
393829,0
393838,0
393859,0
393860,0
393882,0
393905,0
393909,0
393918,0
393939,0
393965,0
393970,0
393985,1
394012,0
394037,0
394039,1
394044,0
394069,0
394093,0
394134,0
394147,1
394155,1
394195,0
394303,0
394304,1
394321,0
394432,1
394440,1
394443,0
394448,0
394590,1
394596,1
394607,1
394621,0
394689,1
394701,0
394703,0
394707,0
394770,0
394815,1
394831,0
394865,0
394933,1
394965,0
394979,0
394989,0
394998,0
395005,0
395020,0
395025,0
395043,1
395051,0
395211,0
395230,0
395258,0
395265,0
395326,1
395339,1
395353,0
395364,1
395390,0
395456,0
395472,0
395481,0
395538,0
395541,0
395590,0
395709,0
395726,0
395744,0
395761,0
395804,1
395816,1
395820,1
395848,0
395878,1
395883,1
395927,0
396016,1
396056,1
396101,0
396111,0
396138,1
396147,0
396161,0
396192,1
396226,1
396228,1
396253,1
396266,0
396283,0
396311,0
396314,1
396340,0
396346,1
396443,0
396477,0
396497,0
396520,1
396553,0
396633,1
396664,0
396691,0
396704,1
396710,0
396722,0
396732,1
396751,0
396796,0
396811,0
396827,0
396841,1
396888,0
396913,1
396916,0
396931,0
396980,0
397016,0
397035,0
397036,1
397076,0
397079,1
397082,0
397097,0
397144,1
397159,0
397211,0
397216,0
397265,0
397274,1
397290,0
397307,0
397327,0
397389,0
397399,0
397417,1
397428,0
397429,0
397443,1
397482,0
397517,1
397530,0
397547,0
397585,0
397612,0
397647,0
397651,1
397682,0
397690,0
397708,1
397729,0
397745,0
397775,0
397803,0
397895,0
397907,0
397935,0
397952,0
398054,1
398061,1
398064,1
398073,0
398100,0
398106,0
398120,0
398136,1
398153,0
398154,1
398158,0
398183,0
398201,1
398217,1
398248,0
398314,1
398332,0
398345,0
398366,0
398433,1
398437,1
398556,0
398585,0
398591,0
398619,0
398661,0
398672,1
398695,0
398721,0
398749,0
398763,0
398770,1
398800,0
398822,1
398852,0
398858,0
398894,1
398896,0
398979,1
399005,0
399006,1
399078,0
399093,0
399120,0
399133,0
399135,0
399166,0
399176,0
399191,0
399253,1
399289,0
399298,0
399332,1
399365,0
399412,1
399421,0
399449,1
399455,0
399456,0
399509,0
399694,1
399747,0
399878,0
399910,0
399955,0
399959,0
399961,1
399992,1
400037,0
400051,0
400073,0
400093,0
400140,1
400150,0
400191,1
400193,1
400198,0
400241,0
400246,0
400268,0
400321,0
400324,0
400349,1
400409,0
400424,0
400436,1
400439,0
400461,0
400505,1
400536,1
400541,1
400547,1
400552,0
400554,0
400622,0
400624,0
400659,0
400677,0
400699,0
400700,0
400704,0
400734,0
400816,0
400819,0
400820,1
400823,0
400840,0
400849,0
400851,0
400887,0
400901,0
400908,0
400917,0
400938,0
400942,0
400984,0
400996,0
401002,0
401034,1
401048,0
401067,0
401090,0
401091,0
401111,0
401175,0
401181,0
401189,0
401232,0
401239,0
401259,1
401286,0
401307,0
401352,0
401356,0
401362,0
401373,0
401386,0
401422,0
401458,0
401474,0
401513,0
401524,1
401527,1
401545,1
401551,0
401572,0
401574,0
401588,0
401614,1
401670,0
401703,0
401711,0
401767,0
401796,0
401854,1
401875,0
401878,0
401915,0
401919,0
401928,0
401954,0
401967,0
402055,0
402082,1
402093,0
402099,0
402103,0
402149,0
402174,1
402179,0
402206,0
402214,0
402237,0
402241,0
402295,0
402309,1
402321,1
402329,1
402341,0
402361,0
402388,1
402436,0
402445,0
402468,0
402490,0
402494,0
402522,0
402526,0
402550,0
402553,0
402574,0
402667,0
402745,0
402883,0
402891,0
402906,1
402921,0
402948,0
402974,1
402999,0
403001,0
403010,0
403016,0
403031,1
403036,0
403071,0
403073,0
403119,0
403150,0
403257,1
403285,0
403307,0
403345,0
403356,0
403366,1
403424,1
403438,1
403466,0
403473,0
403519,0
403535,1
403579,1
403599,0
403650,1
403653,0
403729,0
403737,1
403753,0
403765,0
403792,0
403885,1
403898,0
403902,0
403914,1
404017,0
404106,0
404120,0
404141,1
404188,0
404194,0
404239,0
404243,0
404340,0
404345,0
404405,1
404438,1
404440,1
404441,1
404468,0
404538,0
404551,1
404598,1
404631,0
404642,1
404662,1
404706,0
404721,0
404733,0
404800,0
404882,1
404890,1
404925,1
404939,0
404966,0
404967,0
404968,0
404969,0
404980,0
405031,1
405113,0
405202,1
405221,1
405225,0
405258,1
405266,0
405331,0
405338,0
405339,1
405372,0
405399,1
405425,1
405427,0
405433,1
405438,0
405489,0
405491,0
405507,1
405511,0
405519,0
405565,0
405615,0
405676,0
405754,1
405789,1
405812,0
405831,1
405895,1
405909,1
405915,0
405939,1
405969,0
406013,1
406036,1
406072,1
406105,0
406111,1
406172,1
406200,1
406204,1
406218,0
406223,0
406234,0
406244,0
406276,0
406284,0
406310,0
406317,0
406322,0
406327,1
406344,1
406357,1
406364,0
406388,0
406401,0
406490,0
406500,1
406502,1
406515,1
406528,1
406552,0
406555,0
406613,0
406636,0
406640,0
406688,1
406700,0
406738,0
406743,0
406756,0
406760,0
406764,0
406811,0
406816,0
406827,0
406835,0
406851,0
406852,0
406858,0
406873,0
406902,1
406946,0
406959,1
407024,0
407087,1
407126,1
407164,0
407168,0
407224,1
407265,1
407299,0
407317,1
407338,0
407363,1
407365,1
407386,0
407511,1
407518,1
407584,1
407609,0
407629,0
407653,0
407782,1
407790,0
407820,1
407857,0
407885,0
407916,0
407943,0
407989,0
407998,0
408004,0
408034,0
408038,0
408054,0
408064,0
408066,0
408091,0
408102,0
408144,0
408161,0
408171,0
408182,1
408201,1
408214,1
408229,0
408258,0
408271,0
408321,0
408328,0
408341,1
408363,0
408364,0
408383,0
408391,0
408467,0
408492,0
408493,0
408501,1
408566,0
408567,0
408568,1
408572,0
408582,0
408626,1
408637,0
408640,0
408645,0
408649,1
408662,0
408710,0
408748,1
408760,0
408775,0
408810,0
408821,0
408832,1
408834,0
408859,0
408951,0
408954,0
408966,0
408974,0
408978,0
408984,1
409005,0
409035,0
409037,0
409044,0
409081,0
409090,0
409094,0
409138,0
409142,0
409151,0
409156,0
409167,0
409170,1
409180,0
409190,0
409201,0
409222,0
409247,0
409266,0
409267,0
409294,0
409334,0
409347,0
409398,1
409425,0
409453,0
409484,0
409556,0
409611,1
409631,0
409632,0
409665,1
409695,0
409742,0
409759,0
409801,1
409825,0
409851,1
409881,0
409941,0
409975,0
410008,0
410010,0
410067,0
410080,0
410097,1
410128,0
410148,0
410170,0
410198,0
410270,0
410273,0
410290,0
410305,0
410346,1
410423,0
410429,0
410435,0
410466,0
410480,0
410489,0
410511,0
410546,1
410582,0
410585,0
410586,1
410592,0
410607,1
410626,1
410638,0
410644,1
410697,0
410778,1
410788,0
410792,0
410824,1
410833,1
410876,0
410902,1
410918,0
410974,0
410987,1
411006,0
411015,0
411023,0
411052,0
411057,1
411065,1
411119,0
411166,0
411183,0
411213,1
411218,1
411255,0
411264,1
411308,0
411358,0
411368,0
411369,0
411373,0
411386,0
411463,1
411467,0
411484,0
411501,0
411508,1
411522,0
411558,1
411670,0
411671,0
411720,0
411752,1
411765,0
411774,1
411867,1
411924,1
411932,1
411941,0
411942,0
411954,1
412085,1
412140,0
412161,1
412174,0
412188,0
412284,1
412319,0
412337,0
412354,0
412371,1
412384,1
412391,1
412438,0
412455,0
412472,0
412540,1
412548,0
412601,0
412647,0
412693,1
412697,0
412723,1
412745,0
412801,1
412814,0
412844,1
412852,1
412869,1
412925,0
412958,0
412980,0
413035,1
413038,1
413098,0
413159,1
413177,0
413209,1
413226,0
413245,0
413282,0
413304,0
413395,0
413432,0
413435,0
413522,0
413549,1
413584,1
413586,1
413588,0
413594,0
413596,0
413598,0
413604,0
413630,0
413638,0
413742,1
413782,1
413800,0
413830,0
413850,1
413853,1
413858,1
413873,0
413925,0
413926,0
413960,0
413969,1
413970,0
413975,0
413982,0
414001,0
414018,1
414060,0
414113,0
414161,0
414241,0
414328,0
414334,0
414356,0
414428,0
414466,1
414557,1
414580,0
414589,1
414596,0
414611,0
414631,1
414632,0
414637,0
414642,0
414691,1
414740,1
414991,1
415029,1
415048,1
415073,1
415092,1
415095,0
415136,0
415157,1
415174,0
415178,0
415195,1
415222,0
415224,1
415227,0
415260,1
415263,0
415276,1
415379,0
415406,0
415427,1
415445,0
415477,0
415524,0
415545,1
415550,0
415560,1
415601,0
415663,0
415717,0
415730,1
415828,0
415905,1
415930,1
415958,1
415991,0
416073,1
416107,1
416124,1
416161,0
416213,1
416246,0
416255,1
416341,0
416361,0
416476,0
416512,0
416528,0
416572,0
416664,1
416679,1
416707,1
416708,1
416729,0
416765,0
416810,1
416819,1
416832,1
416884,0
416918,1
416953,0
416978,1
416986,0
416997,0
417021,0
417026,0
417080,0
417087,0
417089,0
417107,0
417108,0
417123,1
417125,0
417126,0
417145,1
417166,0
417178,0
417185,0
417211,0
417273,0
417323,0
417385,1
417425,1
417431,0
417441,0
417449,0
417541,0
417566,0
417572,0
417573,0
417592,0
417600,0
417603,0
417610,0
417662,0
417664,1
417695,0
417711,0
417815,0
417854,1
417873,1
417874,0
417966,1
417975,0
417982,1
417994,1
418032,0
418035,0
418041,1
418043,1
418045,0
418063,1
418071,0
418073,1
418077,1
418153,0
418270,0
418358,1
418361,0
418387,0
418426,0
418454,0
418558,1
418582,0
418698,0
418735,1
418758,0
418809,0
418843,0
418874,0
418887,0
418904,1
418915,0
418923,0
418934,0
418964,1
418999,1
419003,1
419024,1
419033,0
419082,0
419083,1
419086,1
419098,0
419101,0
419104,0
419119,0
419134,1
419187,0
419193,0
419211,0
419259,0
419280,0
419308,0
419346,0
419413,0
419415,0
419425,1
419442,1
419459,0
419591,0
419594,1
419678,1
419755,0
419785,1
419832,0
419850,0
419853,1
419893,1
419902,1
419910,0
419959,1
419966,1
419982,0
420057,0
420103,1
420122,1
420180,0
420191,0
420231,1
420301,0
420380,0
420407,0
420441,1
420447,1
420485,0
420531,1
420532,0
420584,0
420590,0
420603,0
420605,1
420625,1
420654,0
420657,0
420659,1
420661,1
420667,0
420674,0
420682,0
420686,0
420692,1
420710,0
420761,0
420771,0
420772,0
420774,0
420800,0
420805,1
420806,1
420824,1
420840,1
420847,0
420856,0
420880,0
420919,1
420979,0
421012,1
421046,1
421073,1
421089,1
421123,1
421146,0
421163,0
421168,1
421171,0
421198,1
421241,0
421266,0
421269,0
421294,0
421341,0
421349,1
421359,1
421372,1
421412,0
421420,1
421529,1
421534,1
421569,1
421581,0
421685,0
421716,0
421731,1
421756,1
421801,0
421808,0
421809,0
421817,0
421866,0
421868,1
421877,1
421981,0
421987,0
421993,0
422003,0
422008,1
422027,0
422039,0
422046,0
422077,0
422103,0
422123,0
422159,0
422165,0
422222,0
422249,0
422316,1
422345,0
422351,0
422419,0
422519,1
422538,0
422549,0
422568,0
422586,0
422594,0
422596,0
422630,0
422677,0
422691,0
422737,0
422739,0
422744,0
422756,0
422788,0
422789,0
422793,0
422834,0
422846,0
422852,0
422853,0
422898,1
422903,0
422909,0
422924,1
423025,0
423083,0
423115,0
423183,1
423193,0
423209,0
423252,0
423272,1
423295,0
423334,0
423336,0
423356,1
423371,0
423400,0
423424,1
423428,1
423437,0
423475,1
423507,1
423528,1
423533,0
423539,0
423541,1
423552,0
423557,1
423654,1
423719,0
423757,0
423787,0
423804,0
423894,1
423911,1
423914,1
423941,0
423948,0
423954,0
423963,0
423964,0
423974,0
424063,0
424082,1
424165,0
424172,1
424197,1
424212,0
424241,1
424253,0
424287,1
424292,0
424339,0
424342,0
424348,1
424370,0
424389,1
424390,0
424411,1
424531,0
424533,0
424535,1
424551,0
424555,0
424572,1
424577,1
424591,1
424664,1
424675,0
424702,0
424703,1
424727,0
424768,0
424795,0
424898,0
424906,0
424949,0
424989,0
424997,0
425031,1
425069,0
425076,0
425107,1
425109,0
425121,0
425137,1
425144,1
425149,1
425159,0
425204,0
425215,0
425220,0
425239,0
425272,0
425273,0
425275,0
425286,0
425289,0
425307,0
425312,0
425325,0
425371,0
425377,1
425389,0
425394,0
425395,1
425408,0
425449,0
425470,0
425500,0
425514,0
425549,0
425559,0
425622,0
425667,0
425676,0
425695,0
425750,0
425786,1
425796,1
425832,1
425846,0
425883,0
425917,0
426020,0
426024,0
426026,1
426035,0
426076,1
426103,0
426165,1
426192,0
426227,0
426242,1
426251,0
426266,0
426306,0
426395,0
426406,0
426431,0
426477,0
426514,1
426518,1
426651,0
426685,0
426719,0
426749,1
426892,0
426942,0
426954,1
426961,1
426977,0
427046,0
427066,1
427067,0
427068,1
427082,1
427178,1
427195,0
427201,0
427218,1
427231,1
427295,1
427305,0
427346,1
427403,0
427436,1
427460,0
427471,0
427484,1
427626,0
427643,0
427666,1
427799,0
427805,1
427848,1
427849,0
427876,0
427880,0
427886,1
427920,0
427942,1
427948,1
427953,0
427999,0
428004,0
428021,1
428034,1
428063,0
428075,0
428082,1
428084,0
428132,1
428141,0
428193,1
428206,0
428273,0
428282,1
428284,0
428329,1
428358,1
428391,1
428393,0
428394,0
428398,0
428405,0
428419,0
428425,0
428454,0
428598,1
428680,1
428708,0
428787,0
428788,0
428791,0
428839,1
428901,0
429061,0
429135,0
429179,1
429224,0
429229,1
429237,0
429251,1
429269,0
429285,1
429369,1
429401,0
429422,1
429427,1
429461,0
429462,0
429540,0
429541,0
429592,1
429594,0
429639,0
429640,0
429666,0
429690,0
429705,1
429708,1
429710,1
429722,0
429756,0
429783,1
429802,0
429850,0
429874,1
429997,0
430007,0
430020,0
430023,0
430038,1
430045,0
430114,0
430144,0
430149,0
430238,1
430246,0
430271,1
430275,1
430292,0
430295,1
430316,1
430326,0
430341,1
430371,1
430376,0
430380,0
430387,1
430392,0
430403,1
430407,1
430412,0
430443,0
430488,1
430550,1
430564,1
430595,1
430670,0
430744,0
430766,0
430787,0
430803,0
430822,0
430839,1
430850,0
430964,1
430968,1
430993,0
431000,1
431017,1
431031,1
431038,1
431147,0
431162,0
431167,0
431202,0
431221,0
431228,0
431261,1
431262,1
431275,1
431287,1
431323,0
431324,1
431349,0
431411,0
431417,0
431431,1
431434,0
431460,0
431513,0
431526,0
431527,0
431529,0
431553,0
431577,0
431590,1
431599,1
431647,0
431651,0
431712,0
431723,1
431738,1
431819,1
431847,1
431858,1
431876,1
431903,0
431905,1
431953,0
431980,0
431986,0
432020,0
432044,0
432063,0
432113,1
432115,0
432134,0
432137,0
432152,0
432154,0
432163,0
432175,1
432261,0
432271,0
432280,1
432349,0
432353,0
432358,1
432374,1
432436,0
432498,0
432582,0
432627,0
432671,1
432703,0
432718,0
432721,0
432760,0
432773,0
432796,1
432855,0
432894,0
432912,0
432918,0
432935,0
432997,1
433013,1
433082,1
433086,0
433093,1
433112,0
433166,1
433172,1
433193,0
433194,0
433220,1
433243,0
433284,1
433318,1
433374,0
433379,0
433385,0
433389,0
433411,0
433414,0
433501,1
433516,0
433532,0
433543,0
433547,0
433566,0
433577,0
433579,0
433644,0
433672,1
433694,1
433773,0
433828,1
433855,1
433856,1
433860,1
433863,0
433869,1
433881,1
433981,1
434001,0
434005,0
434077,1
434091,0
434145,0
434147,1
434188,1
434192,1
434195,0
434203,0
434216,0
434281,0
434312,1
434317,0
434373,0
434386,0
434402,1
434427,0
434450,0
434555,0
434571,1
434608,0
434692,1
434718,0
434728,1
434760,0
434761,0
434825,0
434830,0
434850,1
434881,1
434882,0
434893,0
434896,0
434924,0
434962,0
434987,0
434998,1
435007,0
435050,1
435110,0
435167,0
435287,1
435350,1
435420,0
435501,0
435516,1
435525,0
435630,0
435633,0
435636,0
435656,0
435688,0
435693,0
435713,0
435741,0
435752,0
435799,0
435873,1
435884,1
435890,0
435899,0
435936,0
435987,0
436039,0
436092,1
436110,0
436177,1
436207,1
436224,0
436241,0
436254,0
436266,1
436286,0
436303,0
436322,0
436344,0
436378,0
436391,1
436404,0
436411,0
436418,0
436425,0
436430,0
436438,1
436495,0
436500,1
436578,0
436593,1
436596,0
436605,1
436637,0
436663,0
436751,0
436767,1
436776,0
436785,1
436813,0
436826,0
436846,0
436862,1
436906,0
436963,1
436977,0
437004,0
437025,1
437029,0
437048,1
437052,0
437053,1
437090,1
437094,0
437108,0
437133,0
437135,0
437207,0
437219,0
437272,0
437298,0
437377,0
437382,0
437391,1
437395,0
437404,0
437427,0
437451,0
437477,1
437519,0
437522,1
437541,0
437623,1
437661,0
437668,1
437731,1
437826,0
437863,0
437887,0
437978,1
438010,0
438140,1
438158,0
438172,0
438180,1
438216,0
438310,1
438348,0
438368,0
438382,0
438462,0
438500,0
438521,0
438523,0
438567,0
438569,0
438599,0
438625,1
438701,0
438703,0
438733,1
438738,0
438761,0
438763,0
438765,1
438772,1
438776,0
438831,0
438834,0
438851,0
438852,0
438907,0
438968,0
438978,0
439009,0
439010,0
439035,1
439037,1
439041,1
439164,1
439221,0
439247,0
439263,0
439266,0
439279,1
439283,0
439285,1
439326,0
439431,0
439461,1
439491,1
439501,1
439532,1
439554,1
439669,0
439733,1
439793,0
439925,1
440014,0
440019,0
440023,0
440034,0
440089,0
440102,0
440121,1
440210,0
440216,0
440222,0
440260,1
440293,1
440302,1
440310,1
440331,0
440333,0
440339,0
440354,1
440394,1
440425,1
440435,0
440483,1
440515,0
440536,0
440543,0
440625,1
440637,1
440638,0
440646,1
440693,1
440707,1
440721,1
440798,1
440805,1
440870,1
440877,0
440932,1
440958,0
440961,0
441040,0
441056,0
441071,0
441102,1
441111,0
441144,0
441195,0
441204,0
441209,1
441220,0
441282,1
441285,0
441339,0
441405,1
441462,1
441481,0
441513,1
441598,0
441601,1
441620,0
441666,1
441672,1
441715,0
441830,1
441932,0
441977,0
442004,1
442005,0
442006,1
442007,0
442042,1
442088,0
442093,1
442094,0
442122,0
442123,0
442284,1
442294,0
442296,0
442300,0
442306,0
442311,1
442314,0
442326,1
442336,1
442354,1
442370,0
442371,1
442378,1
442418,0
442448,0
442457,1
442464,0
442486,1
442574,0
442592,0
442615,0
442620,1
442638,0
442643,0
442658,0
442680,1
442767,0
442772,0
442774,1
442794,0
442795,0
442889,0
442903,0
442909,1
442923,0
442933,1
442970,0
442987,0
443001,0
443019,1
443094,1
443170,1
443188,1
443215,0
443222,0
443308,0
443327,0
443373,0
443380,1
443399,0
443427,0
443439,0
443467,1
443477,1
443495,0
443509,1
443510,0
443532,0
443560,0
443568,1
443592,0
443625,1
443659,0
443661,1
443662,0
443670,0
443671,0
443700,1
443718,0
443780,1
443843,0
443856,0
443890,1
443903,0
443933,1
443939,1
444006,1
444061,0
444074,0
444077,1
444083,1
444168,1
444189,0
444211,1
444241,1
444251,1
444261,1
444306,0
444324,0
444332,0
444395,0
444399,1
444439,1
444519,0
444546,0
444561,0
444567,1
444568,1
444585,1
444613,0
444735,1
444737,1
444772,0
444809,1
444830,0
444841,0
444865,0
444886,0
444901,1
444938,0
444956,0
445001,0
445047,1
445048,0
445069,1
445076,0
445088,0
445096,0
445125,0
445167,0
445173,0
445174,0
445182,0
445189,1
445194,0
445206,0
445219,0
445243,0
445282,0
445302,0
445319,1
445337,1
445413,0
445418,0
445457,0
445520,0
445542,0
445547,1
445572,1
445593,0
445624,1
445625,1
445698,0
445713,1
445759,0
445839,1
445926,0
445973,0
445990,1
446060,1
446072,1
446113,0
446165,1
446167,1
446168,1
446185,1
446188,0
446208,0
446258,0
446296,1
446309,0
446340,1
446350,0
446369,1
446379,1
446387,0
446494,1
446496,0
446503,0
446514,0
446524,1
446634,1
446647,0
446667,0
446670,0
446705,0
446709,1
446712,1
446770,0
446778,1
446793,1
446798,1
446934,1
446965,0
446969,0
446970,1
447092,1
447111,0
447217,1
447247,1
447285,0
447418,1
447483,1
447487,1
447493,0
447494,1
447553,1
447575,1
447578,1
447608,1
447638,1
447701,0
447743,0
447792,1
447806,1
447831,0
447836,0
447837,0
447849,1
447852,0
447869,0
447874,1
447883,0
447907,1
447961,0
447962,0
448006,1
448015,0
448101,0
448124,0
448164,1
448201,0
448203,1
448210,1
448408,0
448467,1
448486,1
448524,1
448536,1
448540,1
448618,0
448646,1
448692,0
448708,1
448768,1
448775,0
448796,0
448841,0
448901,1
448911,0
449008,0
449012,1
449016,1
449022,0
449036,1
449089,0
449115,0
449129,0
449135,0
449170,1
449173,0
449194,1
449201,0
449218,1
449227,0
449242,1
449260,0
449318,1
449388,0
449412,1
449413,0
449421,1
449450,0
449456,1
449462,1
449480,0
449485,1
449516,1
449540,0
449613,0
449628,1
449630,1
449638,1
449648,0
449656,0
449672,0
449692,1
449714,0
449874,1
449932,0
449940,1
449973,0
450033,0
450061,1
450100,0
450229,0
450234,0
450236,0
450243,0
450283,0
450292,0
450299,0
450346,1
450378,0
450399,1
450430,0
450468,0
450513,1
450525,0
450560,1
450602,1
450629,0
450631,0
450634,0
450736,0
450766,1
450819,1
450843,1
450855,1
450860,0
450871,1
450907,0
450937,1
450965,0
451018,1
451040,0
451068,0
451083,0
451113,1
451123,0
451130,1
451152,0
451233,0
451235,1
451251,0
451264,1
451287,0
451289,0
451299,1
451304,1
451338,0
451345,0
451349,0
451442,0
451466,0
451471,0
451555,1
451635,1
451645,1
451669,1
451700,0
451791,1
451825,0
451826,0
451828,1
451841,0
451882,0
451883,0
451921,1
451931,0
451982,1
452025,1
452031,1
452058,0
452071,1
452159,1
452213,0
452253,1
452292,0
452312,1
452347,1
452361,1
452391,1
452398,0
452418,1
452423,0
452494,0
452522,1
452541,1
452547,1
452561,1
452567,1
452612,1
452654,0
452697,1
452709,1
452731,0
452735,1
452744,1
452754,0
452759,1
452766,0
452805,0
452851,0
452939,0
452944,0
452948,1
452954,0
452976,1
452982,0
452994,1
452995,1
453020,1
453049,0
453068,1
453089,1
453094,1
453101,0
453141,1
453155,0
453181,0
453202,1
453250,0
453259,0
453262,1
453282,1
453329,0
453334,1
453363,0
453392,0
453404,0
453405,0
453414,0
453418,1
453436,0
453438,0
453444,0
453446,0
453447,0
453471,0
453513,1
453532,1
453537,1
453564,0
453583,0
453585,0
453590,1
453591,1
453593,1
453597,0
453607,1
453611,1
453663,1
453725,1
453764,0
453777,1
453819,1
453841,1
453972,1
454012,1
454016,0
454018,1
454108,1
454114,1
454118,1
454119,1
454207,1
454225,0
454237,1
454302,1
454323,0
454373,1
454391,1
454448,0
454495,0
454501,0
454507,1
454553,1
454556,0
454578,0
454603,0
454624,1
454626,0
454631,1
454657,0
454670,1
454734,0
454745,0
454750,0
454784,1
454791,1
454862,1
454865,0
454884,0
454889,0
454928,1
454935,0
454957,1
454960,0
454983,1
454992,1
455022,0
455066,1
455104,1
455105,1
455125,1
455156,1
455260,0
455325,0
455332,0
455368,0
455385,0
455419,0
455422,0
455501,1
455519,1
455568,1
455577,1
455607,1
455624,1
455676,1
455688,1
455696,0
455747,0
455779,1
455799,1
455806,1
455817,1
455872,1
455879,1
455883,1
455892,0
455921,1
455987,0
455996,1
456025,1
456058,0
456079,1
456088,0
456112,0
456164,1
456182,1
456206,0
456219,0
456222,1
456225,0
456229,1
456232,1
456249,0
456284,0
456288,0
456290,1
456362,1
456366,0
456382,1
456399,0
456427,0
456448,1
456606,1
456620,1
456669,0
456674,1
456704,1
456727,1
456740,1
456748,1
456751,0
456759,0
456760,0
456777,1
456810,0
456919,0
456929,0
456958,0
456975,0
456981,1
457029,0
457064,0
457065,1
457068,0
457099,1
457101,1
457115,1
457178,0
457299,0
457323,0
457327,0
457355,0
457406,0
457414,1
457472,0
457491,1
457522,0
457533,0
457535,1
457540,0
457543,1
457564,0
457581,0
457596,0
457611,1
457635,1
457667,1
457692,1
457698,0
457714,1
457723,1
457737,1
457775,1
457803,0
457878,1
457911,0
457924,0
457960,0
457961,1
457996,0
458082,0
458204,0
458213,0
458300,1
458325,1
458395,0
458420,0
458423,1
458425,0
458447,0
458453,0
458461,0
458468,1
458495,1
458537,0
458553,0
458591,0
458598,1
458613,0
458636,0
458677,0
458696,0
458707,0
458736,1
458756,1
458813,0
458875,1
458913,1
458914,1
458919,1
458970,1
458972,1
459087,0
459090,1
459151,0
459168,1
459169,0
459195,0
459217,1
459248,0
459286,0
459288,1
459291,1
459294,1
459307,0
459313,1
459363,1
459386,1
459429,0
459432,1
459438,1
459460,0
